41.87679825;-87.62779619;2;07/01/2014 19:10;ASSAULT
41.89690263;-87.74844783;18;07/01/2014 19:10;NARCOTICS
41.98046887;-87.79894572;24;07/01/2014 19:15;OTHER OFFENSE
41.77809158;-87.68590789;9;07/01/2014 19:17;CRIMINAL TRESPASS
41.70578014;-87.72014626;33;07/01/2014 19:26;THEFT
41.99128417;-87.67969825;33;07/01/2014 19:30;THEFT
41.73593737;-87.645472;9;07/01/2014 19:30;CRIMINAL TRESPASS
41.74102856;-87.64877037;33;07/01/2014 19:30;THEFT
41.86732175;-87.62591052;9;07/01/2014 19:30;CRIMINAL TRESPASS
41.97889653;-87.90646389;8;07/01/2014 19:30;CRIMINAL DAMAGE
41.75083095;-87.6251791;13;07/01/2014 19:35;INTERFERENCE WITH PUBLIC OFFICER
41.91528117;-87.68174926;4;07/01/2014 19:35;BURGLARY
41.76255592;-87.58638416;3;07/01/2014 19:36;BATTERY
41.92378238;-87.78630067;33;07/01/2014 19:40;THEFT
41.88193173;-87.62763322;33;07/01/2014 19:40;THEFT
41.87868207;-87.74707543;3;07/01/2014 19:40;BATTERY
41.87091982;-87.75653457;3;07/01/2014 19:40;BATTERY
41.8714764;-87.74507417;33;07/01/2014 19:40;THEFT
41.89690643;-87.75953676;18;07/01/2014 19:44;NARCOTICS
41.80222196;-87.67717445;3;07/01/2014 19:45;BATTERY
41.95462846;-87.71920787;18;07/01/2014 19:45;NARCOTICS
41.99495589;-87.6859917;8;07/01/2014 19:45;CRIMINAL DAMAGE
41.75409648;-87.55717412;8;07/01/2014 19:47;CRIMINAL DAMAGE
41.84013035;-87.64009663;33;07/01/2014 20:00;THEFT
41.93616465;-87.76656134;8;07/01/2014 20:00;CRIMINAL DAMAGE
42.00771503;-87.67084664;3;07/01/2014 20:00;BATTERY
41.97620016;-87.90530873;33;07/01/2014 20:00;THEFT
41.74234902;-87.62574133;33;07/01/2014 20:00;THEFT
41.75521687;-87.58752843;8;07/01/2014 20:00;CRIMINAL DAMAGE
41.86490126;-87.70669671;24;07/01/2014 20:00;OTHER OFFENSE
41.89679256;-87.62775981;33;07/01/2014 20:00;THEFT
41.96915419;-87.72086653;24;07/01/2014 20:00;OTHER OFFENSE
41.88670229;-87.7452283;10;07/01/2014 20:00;DECEPTIVE PRACTICE
41.78043364;-87.58660202;33;07/01/2014 20:00;THEFT
41.77558636;-87.66913858;33;07/01/2014 20:00;THEFT
41.80857453;-87.62134134;3;07/01/2014 20:00;BATTERY
41.95389501;-87.72163762;8;07/01/2014 20:03;CRIMINAL DAMAGE
41.80763179;-87.75061768;18;07/01/2014 20:03;NARCOTICS
41.92641695;-87.79914715;28;07/01/2014 20:10;ROBBERY
42.01800728;-87.67589184;28;07/01/2014 20:15;ROBBERY
41.65742079;-87.6047336;3;07/01/2014 20:15;BATTERY
41.73920094;-87.60504104;33;07/01/2014 20:15;THEFT
41.73749125;-87.65202122;24;07/01/2014 20:17;OTHER OFFENSE
41.90264977;-87.71607692;18;07/01/2014 20:25;NARCOTICS
41.69220555;-87.70070143;33;07/01/2014 20:29;THEFT
41.91092034;-87.6323178;17;07/01/2014 20:30;MOTOR VEHICLE THEFT
41.9357981;-87.72444576;33;07/01/2014 20:30;THEFT
41.93679264;-87.77149913;8;07/01/2014 20:30;CRIMINAL DAMAGE
41.93461867;-87.80371686;2;07/01/2014 20:30;ASSAULT
41.94172414;-87.81773207;3;07/01/2014 20:30;BATTERY
41.80987058;-87.67244161;8;07/01/2014 20:35;CRIMINAL DAMAGE
41.75632163;-87.56404121;8;07/01/2014 20:40;CRIMINAL DAMAGE
41.88062629;-87.72516077;18;07/01/2014 20:43;NARCOTICS
41.75259597;-87.57952552;18;07/01/2014 20:50;NARCOTICS
41.97665322;-87.90098446;24;07/01/2014 20:50;OTHER OFFENSE
41.86640167;-87.71517747;17;07/01/2014 21:00;MOTOR VEHICLE THEFT
41.86334467;-87.65630726;24;07/01/2014 21:00;OTHER OFFENSE
41.90015498;-87.69791472;2;07/01/2014 21:00;ASSAULT
41.72417328;-87.6553013;33;07/01/2014 21:00;THEFT
41.88944979;-87.74640038;3;07/01/2014 21:00;BATTERY
41.99450008;-87.68254574;8;07/01/2014 21:00;CRIMINAL DAMAGE
41.9012752;-87.67655436;8;07/01/2014 21:00;CRIMINAL DAMAGE
41.90222394;-87.76766607;9;07/01/2014 21:03;CRIMINAL TRESPASS
41.80832553;-87.67482701;13;07/01/2014 21:07;INTERFERENCE WITH PUBLIC OFFICER
41.93714755;-87.75892625;24;07/01/2014 21:15;OTHER OFFENSE
41.85594587;-87.72594526;2;07/01/2014 21:16;ASSAULT
41.7749121;-87.65938642;28;07/01/2014 21:30;ROBBERY
41.93402038;-87.67625895;4;07/01/2014 21:30;BURGLARY
41.89329337;-87.74457652;18;07/01/2014 21:32;NARCOTICS
41.86426613;-87.72020187;18;07/01/2014 21:40;NARCOTICS
41.87399573;-87.75974173;18;07/01/2014 21:44;NARCOTICS
41.70006232;-87.53059863;8;07/01/2014 22:00;CRIMINAL DAMAGE
41.74070668;-87.60144784;33;07/01/2014 22:00;THEFT
41.88468847;-87.62431614;33;07/01/2014 22:00;THEFT
41.99737385;-87.66403772;17;07/01/2014 22:00;MOTOR VEHICLE THEFT
41.7829699;-87.66653614;3;07/01/2014 22:00;BATTERY
41.77392909;-87.64448699;18;07/01/2014 22:00;NARCOTICS
41.85897864;-87.70559821;27;07/01/2014 22:05;PUBLIC PEACE VIOLATION
41.75707225;-87.56016561;18;07/01/2014 22:15;NARCOTICS
41.96281007;-87.65597962;18;07/01/2014 22:26;NARCOTICS
41.77420612;-87.77715459;8;07/01/2014 22:29;CRIMINAL DAMAGE
41.75102554;-87.62692137;8;07/01/2014 22:30;CRIMINAL DAMAGE
41.78268728;-87.60420816;8;07/01/2014 22:30;CRIMINAL DAMAGE
41.813364;-87.70923154;17;07/01/2014 22:30;MOTOR VEHICLE THEFT
41.88124055;-87.67434329;33;07/01/2014 22:30;THEFT
41.69073517;-87.70430758;3;07/01/2014 22:30;BATTERY
41.80989845;-87.69533014;8;07/01/2014 22:30;CRIMINAL DAMAGE
41.77482744;-87.66179959;8;07/01/2014 22:30;CRIMINAL DAMAGE
41.75373364;-87.56978198;8;07/01/2014 22:30;CRIMINAL DAMAGE
41.89893327;-87.7236317;3;07/01/2014 22:30;BATTERY
41.87997215;-87.67233668;24;07/01/2014 22:30;OTHER OFFENSE
41.76378612;-87.61052883;3;07/01/2014 22:45;BATTERY
41.76573717;-87.60572338;3;07/01/2014 22:45;BATTERY
41.77523122;-87.64060165;18;07/01/2014 22:52;NARCOTICS
42.00544326;-87.66007149;3;07/01/2014 22:53;BATTERY
41.91149849;-87.75154395;33;07/01/2014 23:00;THEFT
41.97798756;-87.84632079;3;07/01/2014 23:00;BATTERY
41.87390715;-87.69559354;2;07/01/2014 23:00;ASSAULT
41.72198556;-87.6409504;33;07/01/2014 23:00;THEFT
41.82885307;-87.6241841;17;07/01/2014 23:01;MOTOR VEHICLE THEFT
41.8582078;-87.66104176;9;07/01/2014 23:09;CRIMINAL TRESPASS
41.92393683;-87.74644085;18;07/01/2014 23:10;NARCOTICS
41.79931071;-87.6648741;2;07/01/2014 23:12;ASSAULT
41.78268728;-87.60420816;24;07/01/2014 23:15;OTHER OFFENSE
41.90069088;-87.75682506;3;07/01/2014 23:20;BATTERY
41.78634647;-87.68397315;4;07/01/2014 23:30;BURGLARY
41.70247687;-87.56383013;3;07/01/2014 23:30;BATTERY
41.8981758;-87.66872196;33;07/01/2014 23:30;THEFT
41.85623581;-87.71649773;8;07/01/2014 23:30;CRIMINAL DAMAGE
41.79076819;-87.66920923;3;07/01/2014 23:30;BATTERY
41.92090622;-87.73508522;17;07/01/2014 23:30;MOTOR VEHICLE THEFT
41.7139851;-87.62863465;28;07/01/2014 23:40;ROBBERY
41.73689326;-87.6446997;36;07/01/2014 23:40;WEAPONS VIOLATION
41.85580099;-87.67046763;18;07/01/2014 23:40;NARCOTICS
41.77518226;-87.7635449;8;08/01/2014 00:00;CRIMINAL DAMAGE
41.90452071;-87.73042226;8;08/01/2014 00:00;CRIMINAL DAMAGE
41.79485385;-87.72458245;8;08/01/2014 00:00;CRIMINAL DAMAGE
41.80948133;-87.7062981;8;08/01/2014 00:00;CRIMINAL DAMAGE
41.77566206;-87.699541;33;08/01/2014 00:00;THEFT
41.92406396;-87.75147023;8;08/01/2014 00:01;CRIMINAL DAMAGE
41.81734824;-87.68779813;8;08/01/2014 00:01;CRIMINAL DAMAGE
41.80926289;-87.70049372;33;08/01/2014 00:01;THEFT
41.88898568;-87.65749461;33;08/01/2014 00:01;THEFT
41.90280581;-87.63009968;10;08/01/2014 00:01;DECEPTIVE PRACTICE
41.69433758;-87.61871413;3;08/01/2014 00:01;BATTERY
41.85304101;-87.64128229;28;08/01/2014 00:03;ROBBERY
41.76257858;-87.66632945;8;08/01/2014 00:05;CRIMINAL DAMAGE
41.90218133;-87.77522255;17;08/01/2014 00:05;MOTOR VEHICLE THEFT
41.86702699;-87.69850721;18;08/01/2014 00:24;NARCOTICS
41.90490979;-87.67628936;8;08/01/2014 00:30;CRIMINAL DAMAGE
41.79043657;-87.61896789;8;08/01/2014 00:30;CRIMINAL DAMAGE
41.8673627;-87.63936927;33;08/01/2014 00:30;THEFT
42.02263033;-87.67096417;33;08/01/2014 00:30;THEFT
41.90419334;-87.77194298;33;08/01/2014 00:30;THEFT
41.76967334;-87.59510313;33;08/01/2014 00:30;THEFT
41.88764045;-87.62685426;3;08/01/2014 00:50;BATTERY
41.92439644;-87.72507598;3;08/01/2014 01:00;BATTERY
41.87398826;-87.67304089;33;08/01/2014 01:00;THEFT
41.79863969;-87.66699352;24;08/01/2014 01:00;OTHER OFFENSE
41.78697561;-87.65605167;17;08/01/2014 01:00;MOTOR VEHICLE THEFT
41.76331395;-87.57267404;10;08/01/2014 01:00;DECEPTIVE PRACTICE
41.79053812;-87.61897043;24;08/01/2014 01:00;OTHER OFFENSE
41.79068774;-87.65126385;18;08/01/2014 01:14;NARCOTICS
41.82118645;-87.68908032;24;08/01/2014 01:15;OTHER OFFENSE
41.95449267;-87.64724812;24;08/01/2014 01:24;OTHER OFFENSE
41.98079194;-87.71109324;8;08/01/2014 01:30;CRIMINAL DAMAGE
41.99892905;-87.68884306;3;08/01/2014 01:30;BATTERY
41.80560867;-87.68204379;18;08/01/2014 01:35;NARCOTICS
42.02047807;-87.66655559;3;08/01/2014 01:35;BATTERY
41.77600792;-87.67611091;3;08/01/2014 01:40;BATTERY
42.02047631;-87.66625384;3;08/01/2014 01:41;BATTERY
41.73663184;-87.67023991;3;08/01/2014 01:45;BATTERY
41.86235369;-87.70955566;24;08/01/2014 02:00;OTHER OFFENSE
41.97198473;-87.77718775;33;08/01/2014 02:00;THEFT
41.85968702;-87.73339121;3;08/01/2014 02:00;BATTERY
41.65719714;-87.61586068;4;08/01/2014 02:00;BURGLARY
41.7408153;-87.5464626;4;08/01/2014 02:00;BURGLARY
41.80922682;-87.6712121;3;08/01/2014 02:20;BATTERY
41.91599814;-87.6980405;24;08/01/2014 02:20;OTHER OFFENSE
41.93444972;-87.64921972;4;08/01/2014 02:35;BURGLARY
41.76963419;-87.65044951;3;08/01/2014 02:40;BATTERY
41.86375591;-87.64013884;3;08/01/2014 03:05;BATTERY
41.85968702;-87.73339121;3;08/01/2014 03:25;BATTERY
41.86487907;-87.73232574;13;08/01/2014 03:57;INTERFERENCE WITH PUBLIC OFFICER
41.88478333;-87.7526347;3;08/01/2014 03:59;BATTERY
41.75399963;-87.64305459;3;08/01/2014 04:00;BATTERY
41.76917148;-87.68473291;8;08/01/2014 04:45;CRIMINAL DAMAGE
41.90544744;-87.7081996;3;08/01/2014 05:00;BATTERY
41.89629203;-87.6266928;8;08/01/2014 05:00;CRIMINAL DAMAGE
41.72583096;-87.64105198;3;08/01/2014 05:45;BATTERY
41.69699524;-87.53272024;33;08/01/2014 05:47;THEFT
41.77538492;-87.70604741;18;08/01/2014 06:00;NARCOTICS
41.94807782;-87.74484465;8;08/01/2014 06:00;CRIMINAL DAMAGE
41.92620645;-87.76835457;24;08/01/2014 06:00;OTHER OFFENSE
41.8682851;-87.709755;18;08/01/2014 06:00;NARCOTICS
41.74916462;-87.56119498;3;08/01/2014 06:00;BATTERY
41.96914194;-87.79391069;8;08/01/2014 06:00;CRIMINAL DAMAGE
41.99375129;-87.78738306;3;08/01/2014 06:00;BATTERY
41.8682851;-87.709755;18;08/01/2014 06:00;NARCOTICS
41.78049432;-87.70545866;33;08/01/2014 06:00;THEFT
41.93520663;-87.75331685;4;08/01/2014 06:20;BURGLARY
41.73702655;-87.57022905;4;08/01/2014 06:30;BURGLARY
41.81480383;-87.59607811;33;08/01/2014 06:45;THEFT
41.70449202;-87.62721856;3;08/01/2014 06:45;BATTERY
41.9401758;-87.64307551;4;08/01/2014 06:50;BURGLARY
41.7835344;-87.61102205;4;08/01/2014 07:00;BURGLARY
41.8719169;-87.62745701;9;08/01/2014 07:00;CRIMINAL TRESPASS
41.75464436;-87.74138513;24;08/01/2014 07:00;OTHER OFFENSE
41.68631097;-87.67055552;3;08/01/2014 07:00;BATTERY
41.96893611;-87.67933842;24;08/01/2014 07:15;OTHER OFFENSE
41.74784912;-87.69271641;17;08/01/2014 07:15;MOTOR VEHICLE THEFT
41.74592991;-87.69848132;17;08/01/2014 07:20;MOTOR VEHICLE THEFT
41.90053986;-87.67897891;33;08/01/2014 07:30;THEFT
41.78301104;-87.59774039;4;08/01/2014 07:30;BURGLARY
41.89692096;-87.74881497;18;08/01/2014 07:37;NARCOTICS
41.78244248;-87.73523377;4;08/01/2014 07:45;BURGLARY
41.94252408;-87.81316778;29;08/01/2014 07:50;SCHOOL
41.7070124;-87.55514787;33;08/01/2014 07:50;THEFT
41.88430055;-87.67103245;28;08/01/2014 07:55;ROBBERY
41.90781097;-87.69191316;33;08/01/2014 08:00;THEFT
41.93579501;-87.7095572;3;08/01/2014 08:00;BATTERY
41.86438567;-87.70324716;3;08/01/2014 08:00;BATTERY
41.82296765;-87.60245992;33;08/01/2014 08:00;THEFT
41.92726114;-87.64164561;33;08/01/2014 08:00;THEFT
41.79793161;-87.58920447;4;08/01/2014 08:00;BURGLARY
41.90065148;-87.63412718;8;08/01/2014 08:00;CRIMINAL DAMAGE
41.86671009;-87.62596132;33;08/01/2014 08:00;THEFT
41.91682121;-87.64013069;33;08/01/2014 08:00;THEFT
41.91440067;-87.69451822;33;08/01/2014 08:00;THEFT
41.75527499;-87.56429193;4;08/01/2014 08:00;BURGLARY
41.88703639;-87.77139544;33;08/01/2014 08:00;THEFT
41.70586245;-87.65378715;29;08/01/2014 08:00;SCHOOL
41.89566248;-87.63729261;9;08/01/2014 08:05;CRIMINAL TRESPASS
41.94017026;-87.64352398;4;08/01/2014 08:10;BURGLARY
41.86670685;-87.6858957;28;08/01/2014 08:10;ROBBERY
41.88887265;-87.64447646;17;08/01/2014 08:15;MOTOR VEHICLE THEFT
41.77459453;-87.73012653;4;08/01/2014 08:20;BURGLARY
41.71797455;-87.6563481;8;08/01/2014 08:20;CRIMINAL DAMAGE
41.83844837;-87.62529284;8;08/01/2014 08:20;CRIMINAL DAMAGE
41.77719862;-87.6808685;4;08/01/2014 08:28;BURGLARY
41.69232884;-87.65402847;18;08/01/2014 08:30;NARCOTICS
41.78899473;-87.6048114;33;08/01/2014 08:30;THEFT
41.8757416;-87.71591732;29;08/01/2014 08:30;SCHOOL
41.78155593;-87.70588094;3;08/01/2014 08:30;BATTERY
41.83438676;-87.65668959;4;08/01/2014 08:35;BURGLARY
41.88028008;-87.75373304;3;08/01/2014 08:35;BATTERY
41.78169096;-87.61551583;8;08/01/2014 08:40;CRIMINAL DAMAGE
41.87885141;-87.73626711;25;08/01/2014 08:40;PROSTITUTION
41.71577228;-87.6432074;33;08/01/2014 08:40;THEFT
41.76556888;-87.61298673;2;08/01/2014 08:45;ASSAULT
41.79101531;-87.68899016;29;08/01/2014 08:45;SCHOOL
41.90671011;-87.66772974;33;08/01/2014 08:45;THEFT
41.96497752;-87.67476432;33;08/01/2014 08:50;THEFT
41.80764713;-87.60300822;28;08/01/2014 08:50;ROBBERY
41.90142925;-87.62848016;10;08/01/2014 09:00;DECEPTIVE PRACTICE
41.95059688;-87.8046029;17;08/01/2014 09:00;MOTOR VEHICLE THEFT
41.82474039;-87.61156437;10;08/01/2014 09:00;DECEPTIVE PRACTICE
41.92690146;-87.66477851;8;08/01/2014 09:00;CRIMINAL DAMAGE
41.90845223;-87.71782482;24;08/01/2014 09:00;OTHER OFFENSE
41.77759973;-87.60383318;4;08/01/2014 09:00;BURGLARY
41.97631143;-87.904977;9;08/01/2014 09:00;CRIMINAL TRESPASS
41.9263234;-87.78569468;24;08/01/2014 09:00;OTHER OFFENSE
41.6944133;-87.63189471;8;08/01/2014 09:00;CRIMINAL DAMAGE
41.78595452;-87.64722931;17;08/01/2014 09:00;MOTOR VEHICLE THEFT
41.89255396;-87.72124995;10;08/01/2014 09:00;DECEPTIVE PRACTICE
41.75893255;-87.64925451;29;08/01/2014 09:00;SCHOOL
41.92528078;-87.65283068;33;08/01/2014 09:00;THEFT
41.94396222;-87.7843234;24;08/01/2014 09:00;OTHER OFFENSE
41.75822568;-87.61526427;10;08/01/2014 09:00;DECEPTIVE PRACTICE
41.78212876;-87.59453496;33;08/01/2014 09:00;THEFT
41.78155593;-87.70588094;4;08/01/2014 09:00;BURGLARY
41.88890033;-87.65095094;8;08/01/2014 09:00;CRIMINAL DAMAGE
41.89248374;-87.75536364;10;08/01/2014 09:00;DECEPTIVE PRACTICE
41.75697213;-87.56405543;3;08/01/2014 09:02;BATTERY
41.97889653;-87.90646389;24;08/01/2014 09:05;OTHER OFFENSE
41.67037732;-87.63940279;3;08/01/2014 09:05;BATTERY
41.763891;-87.56536199;33;08/01/2014 09:15;THEFT
41.75634274;-87.64433789;33;08/01/2014 09:20;THEFT
41.86687873;-87.65714742;2;08/01/2014 09:25;ASSAULT
41.89403234;-87.72007887;33;08/01/2014 09:30;THEFT
41.77567692;-87.60962178;4;08/01/2014 09:30;BURGLARY
41.86437382;-87.70911751;4;08/01/2014 09:30;BURGLARY
41.83956728;-87.65844422;33;08/01/2014 09:30;THEFT
41.87984212;-87.68030642;29;08/01/2014 09:30;SCHOOL
41.70586245;-87.65378715;29;08/01/2014 09:30;SCHOOL
41.81292679;-87.60382129;3;08/01/2014 09:30;BATTERY
41.8782237;-87.63427257;10;08/01/2014 09:31;DECEPTIVE PRACTICE
41.93377879;-87.7021677;33;08/01/2014 09:40;THEFT
41.96285037;-87.77969024;2;08/01/2014 09:45;ASSAULT
41.99002057;-87.74650735;2;08/01/2014 09:49;ASSAULT
41.92293984;-87.78284276;18;08/01/2014 09:55;NARCOTICS
41.87297951;-87.69706409;10;08/01/2014 10:00;DECEPTIVE PRACTICE
41.76101578;-87.60683599;29;08/01/2014 10:00;SCHOOL
41.95443779;-87.72411029;33;08/01/2014 10:00;THEFT
41.75953673;-87.62978585;3;08/01/2014 10:00;BATTERY
41.7291221;-87.63121685;24;08/01/2014 10:00;OTHER OFFENSE
41.81724076;-87.61821885;8;08/01/2014 10:00;CRIMINAL DAMAGE
41.87803473;-87.6311865;10;08/01/2014 10:00;DECEPTIVE PRACTICE
41.87779523;-87.73160253;8;08/01/2014 10:00;CRIMINAL DAMAGE
41.83377478;-87.65575666;4;08/01/2014 10:00;BURGLARY
41.99459251;-87.68871392;4;08/01/2014 10:15;BURGLARY
41.92521135;-87.67194341;33;08/01/2014 10:18;THEFT
41.98801802;-87.65546969;27;08/01/2014 10:26;PUBLIC PEACE VIOLATION
41.93640632;-87.73154438;4;08/01/2014 10:30;BURGLARY
41.7723318;-87.6620859;3;08/01/2014 10:30;BATTERY
41.91613541;-87.68722976;3;08/01/2014 10:30;BATTERY
41.98694503;-87.65686408;24;08/01/2014 10:30;OTHER OFFENSE
41.73668123;-87.6702394;8;08/01/2014 10:35;CRIMINAL DAMAGE
41.81815732;-87.61998056;3;08/01/2014 10:40;BATTERY
41.90976604;-87.74331201;33;08/01/2014 10:40;THEFT
41.89928756;-87.62427588;2;08/01/2014 10:50;ASSAULT
41.88203879;-87.70262941;33;08/01/2014 11:00;THEFT
42.01146007;-87.66550542;24;08/01/2014 11:00;OTHER OFFENSE
41.77930834;-87.7299577;4;08/01/2014 11:00;BURGLARY
41.77882774;-87.7053136;2;08/01/2014 11:00;ASSAULT
41.76509116;-87.56181046;4;08/01/2014 11:00;BURGLARY
41.81800939;-87.60688553;33;08/01/2014 11:00;THEFT
41.88344003;-87.72844649;18;08/01/2014 11:10;NARCOTICS
41.75797801;-87.63383817;18;08/01/2014 11:13;NARCOTICS
41.90476589;-87.76560116;18;08/01/2014 11:13;NARCOTICS
41.79469462;-87.62946382;9;08/01/2014 11:14;CRIMINAL TRESPASS
41.79101531;-87.68899016;29;08/01/2014 11:15;SCHOOL
41.86595651;-87.7237946;18;08/01/2014 11:20;NARCOTICS
41.77954223;-87.66558173;18;08/01/2014 11:21;NARCOTICS
41.89938114;-87.69941004;8;08/01/2014 11:30;CRIMINAL DAMAGE
41.91819643;-87.74600844;3;08/01/2014 11:30;BATTERY
41.74957783;-87.60428245;3;08/01/2014 11:30;BATTERY
41.89991202;-87.62318904;3;08/01/2014 11:30;BATTERY
41.68134403;-87.634925;28;08/01/2014 11:30;ROBBERY
41.90400881;-87.72132423;18;08/01/2014 11:44;NARCOTICS
41.89889266;-87.69692813;33;08/01/2014 11:45;THEFT
41.77601272;-87.68614144;24;08/01/2014 11:45;OTHER OFFENSE
41.90403108;-87.62852869;33;08/01/2014 11:50;THEFT
41.79150539;-87.68536956;18;08/01/2014 11:50;NARCOTICS
41.96625326;-87.73223062;8;08/01/2014 12:00;CRIMINAL DAMAGE
41.86788634;-87.70556982;33;08/01/2014 12:00;THEFT
41.87433316;-87.73603378;33;08/01/2014 12:00;THEFT
41.84480596;-87.68559174;33;08/01/2014 12:00;THEFT
41.93923812;-87.64595985;8;08/01/2014 12:00;CRIMINAL DAMAGE
41.96299609;-87.71828185;22;08/01/2014 12:00;OFFENSE INVOLVING CHILDREN
41.77345065;-87.58552456;33;08/01/2014 12:00;THEFT
41.88348008;-87.62773003;3;08/01/2014 12:00;BATTERY
41.94676956;-87.70060597;33;08/01/2014 12:00;THEFT
41.73037699;-87.58692559;33;08/01/2014 12:00;THEFT
41.86134572;-87.7346679;24;08/01/2014 12:00;OTHER OFFENSE
41.85785354;-87.66146762;2;08/01/2014 12:00;ASSAULT
41.8950969;-87.7088368;33;08/01/2014 12:00;THEFT
41.67815553;-87.66264082;2;08/01/2014 12:00;ASSAULT
41.74269969;-87.57655232;9;08/01/2014 12:00;CRIMINAL TRESPASS
41.92013369;-87.72282732;4;08/01/2014 12:00;BURGLARY
41.87260196;-87.71332964;18;08/01/2014 12:08;NARCOTICS
41.78982384;-87.68744364;28;08/01/2014 12:10;ROBBERY
41.76029308;-87.66076727;28;08/01/2014 12:10;ROBBERY
41.8938826;-87.70909471;18;08/01/2014 12:15;NARCOTICS
41.96499553;-87.69643983;8;08/01/2014 12:15;CRIMINAL DAMAGE
41.90712471;-87.64955194;33;08/01/2014 12:15;THEFT
41.88463153;-87.62220884;33;08/01/2014 12:15;THEFT
41.67518744;-87.63565776;18;08/01/2014 12:20;NARCOTICS
41.8769823;-87.72523204;24;08/01/2014 12:25;OTHER OFFENSE
41.75367349;-87.55185784;28;08/01/2014 12:30;ROBBERY
41.9394641;-87.70453747;18;08/01/2014 12:30;NARCOTICS
41.68970827;-87.64944654;9;08/01/2014 12:35;CRIMINAL TRESPASS
41.8621863;-87.7105705;9;08/01/2014 12:35;CRIMINAL TRESPASS
41.80430285;-87.66257021;4;08/01/2014 12:35;BURGLARY
41.88943982;-87.72238881;18;08/01/2014 12:40;NARCOTICS
42.01911243;-87.66766652;33;08/01/2014 12:42;THEFT
41.69635863;-87.68364518;9;08/01/2014 12:45;CRIMINAL TRESPASS
41.94813003;-87.64332422;33;08/01/2014 12:45;THEFT
41.79534165;-87.64429809;18;08/01/2014 12:45;NARCOTICS
41.88294378;-87.70251769;9;08/01/2014 12:45;CRIMINAL TRESPASS
41.75309166;-87.59202047;18;08/01/2014 12:46;NARCOTICS
41.75064378;-87.61142022;3;08/01/2014 12:51;BATTERY
41.75663464;-87.56283534;28;08/01/2014 12:57;ROBBERY
41.72982256;-87.58691369;33;08/01/2014 13:00;THEFT
41.92497832;-87.67293797;33;08/01/2014 13:00;THEFT
41.95015342;-87.78036992;33;08/01/2014 13:00;THEFT
41.76831649;-87.6686234;4;08/01/2014 13:00;BURGLARY
41.88091316;-87.70154251;18;08/01/2014 13:00;NARCOTICS
41.89560107;-87.75424833;29;08/01/2014 13:00;SCHOOL
41.95354082;-87.74684577;33;08/01/2014 13:00;THEFT
41.72120528;-87.6555303;29;08/01/2014 13:00;SCHOOL
41.78032315;-87.6170893;10;08/01/2014 13:00;DECEPTIVE PRACTICE
41.88602444;-87.63408471;10;08/01/2014 13:00;DECEPTIVE PRACTICE
41.95332439;-87.74745435;18;08/01/2014 13:04;NARCOTICS
41.82812192;-87.6315891;18;08/01/2014 13:05;NARCOTICS
41.72534529;-87.65533293;8;08/01/2014 13:05;CRIMINAL DAMAGE
41.89937696;-87.71780913;18;08/01/2014 13:12;NARCOTICS
41.88209403;-87.63038192;33;08/01/2014 13:15;THEFT
41.69083331;-87.62718855;18;08/01/2014 13:15;NARCOTICS
41.87614094;-87.70856974;18;08/01/2014 13:18;NARCOTICS
41.92528078;-87.65283068;10;08/01/2014 13:20;DECEPTIVE PRACTICE
41.9060765;-87.74788653;24;08/01/2014 13:23;OTHER OFFENSE
41.8619721;-87.63922199;3;08/01/2014 13:25;BATTERY
41.72147248;-87.62387149;33;08/01/2014 13:30;THEFT
41.84319727;-87.68549419;33;08/01/2014 13:30;THEFT
41.79316601;-87.7526593;3;08/01/2014 13:30;BATTERY
41.88202015;-87.63221148;33;08/01/2014 13:32;THEFT
41.88202015;-87.63221148;10;08/01/2014 13:32;DECEPTIVE PRACTICE
41.85223383;-87.67914849;33;08/01/2014 13:40;THEFT
41.79464344;-87.63141534;2;08/01/2014 13:45;ASSAULT
41.88407211;-87.66381871;10;08/01/2014 13:47;DECEPTIVE PRACTICE
41.88938218;-87.75525204;28;08/01/2014 13:50;ROBBERY
41.88067569;-87.69729988;3;08/01/2014 13:50;BATTERY
41.80178981;-87.63055981;24;08/01/2014 13:53;OTHER OFFENSE
41.71847229;-87.62066285;29;08/01/2014 13:55;SCHOOL
41.94740973;-87.70977482;24;08/01/2014 13:55;OTHER OFFENSE
41.91065856;-87.67765953;33;08/01/2014 13:55;THEFT
41.86690976;-87.65682402;3;08/01/2014 14:00;BATTERY
41.86640802;-87.69526423;29;08/01/2014 14:00;SCHOOL
41.91046132;-87.76195768;4;08/01/2014 14:00;BURGLARY
41.99796736;-87.6823044;33;08/01/2014 14:00;THEFT
41.82511605;-87.64002748;4;08/01/2014 14:00;BURGLARY
41.80247181;-87.66860426;8;08/01/2014 14:00;CRIMINAL DAMAGE
41.98147022;-87.6549801;9;08/01/2014 14:00;CRIMINAL TRESPASS
41.91026707;-87.70381747;24;08/01/2014 14:00;OTHER OFFENSE
41.83064268;-87.64590837;10;08/01/2014 14:00;DECEPTIVE PRACTICE
41.98432271;-87.69738745;33;08/01/2014 14:00;THEFT
41.87947582;-87.63710476;33;08/01/2014 14:00;THEFT
41.89303964;-87.6571507;17;08/01/2014 14:00;MOTOR VEHICLE THEFT
41.66339282;-87.6334941;24;08/01/2014 14:00;OTHER OFFENSE
41.80840119;-87.69355868;10;08/01/2014 14:00;DECEPTIVE PRACTICE
41.93765192;-87.67738309;4;08/01/2014 14:15;BURGLARY
41.93765389;-87.67724708;8;08/01/2014 14:15;CRIMINAL DAMAGE
41.79402857;-87.67400158;18;08/01/2014 14:20;NARCOTICS
41.73961928;-87.70370251;4;08/01/2014 14:28;BURGLARY
41.85299005;-87.6355825;33;08/01/2014 14:30;THEFT
41.97660297;-87.76870372;8;08/01/2014 14:30;CRIMINAL DAMAGE
41.87497842;-87.62907196;33;08/01/2014 14:30;THEFT
41.94882632;-87.75715617;29;08/01/2014 14:30;SCHOOL
41.87384233;-87.70224002;29;08/01/2014 14:30;SCHOOL
41.975416;-87.65349978;3;08/01/2014 14:30;BATTERY
41.72180777;-87.6252854;9;08/01/2014 14:38;CRIMINAL TRESPASS
41.79121314;-87.76605421;8;08/01/2014 14:45;CRIMINAL DAMAGE
41.69628684;-87.70579136;29;08/01/2014 14:45;SCHOOL
41.76995823;-87.6625982;18;08/01/2014 14:47;NARCOTICS
41.73700764;-87.57151531;4;08/01/2014 14:49;BURGLARY
41.7802265;-87.6060729;36;08/01/2014 14:50;WEAPONS VIOLATION
41.73599502;-87.60495269;2;08/01/2014 15:00;ASSAULT
41.94547074;-87.73002556;24;08/01/2014 15:00;OTHER OFFENSE
41.70807284;-87.62579504;33;08/01/2014 15:00;THEFT
41.88807409;-87.63088928;33;08/01/2014 15:00;THEFT
41.66392494;-87.63164747;8;08/01/2014 15:00;CRIMINAL DAMAGE
41.93072169;-87.65592967;10;08/01/2014 15:00;DECEPTIVE PRACTICE
41.97959424;-87.6968534;4;08/01/2014 15:00;BURGLARY
41.78042561;-87.61547861;24;08/01/2014 15:04;OTHER OFFENSE
41.89412016;-87.75118749;18;08/01/2014 15:04;NARCOTICS
41.88075634;-87.63467461;33;08/01/2014 15:05;THEFT
41.77794219;-87.59943346;8;08/01/2014 15:05;CRIMINAL DAMAGE
41.89395622;-87.71153646;18;08/01/2014 15:05;NARCOTICS
41.96872472;-87.68902994;33;08/01/2014 15:15;THEFT
41.8734866;-87.6934975;18;08/01/2014 15:18;NARCOTICS
41.87768803;-87.75398413;3;08/01/2014 15:20;BATTERY
41.74569894;-87.60409548;18;08/01/2014 15:21;NARCOTICS
41.89488216;-87.71888438;18;08/01/2014 15:25;NARCOTICS
41.87893381;-87.7294584;18;08/01/2014 15:28;NARCOTICS
41.87793256;-87.68620101;33;08/01/2014 15:30;THEFT
41.97072839;-87.70594737;24;08/01/2014 15:30;OTHER OFFENSE
41.90880783;-87.73001822;8;08/01/2014 15:30;CRIMINAL DAMAGE
41.79110469;-87.65494111;3;08/01/2014 15:30;BATTERY
41.78451621;-87.66298182;8;08/01/2014 15:30;CRIMINAL DAMAGE
41.73757877;-87.60499709;33;08/01/2014 15:30;THEFT
41.78107254;-87.66682711;27;08/01/2014 15:34;PUBLIC PEACE VIOLATION
41.77320721;-87.60834079;3;08/01/2014 15:38;BATTERY
41.7456128;-87.60522509;2;08/01/2014 15:39;ASSAULT
41.93343535;-87.66759527;4;08/01/2014 15:39;BURGLARY
41.90464107;-87.75597768;3;08/01/2014 15:40;BATTERY
41.8989317;-87.62397494;10;08/01/2014 15:40;DECEPTIVE PRACTICE
41.92982252;-87.68460372;33;08/01/2014 15:41;THEFT
41.88102976;-87.67923308;33;08/01/2014 15:45;THEFT
41.88529399;-87.70572995;29;08/01/2014 15:50;SCHOOL
41.85336315;-87.71253176;3;08/01/2014 15:50;BATTERY
41.91679287;-87.69487281;8;08/01/2014 15:50;CRIMINAL DAMAGE
41.88769809;-87.66868734;18;08/01/2014 15:52;NARCOTICS
41.89571892;-87.71373418;18;08/01/2014 15:55;NARCOTICS
41.8511057;-87.69470794;8;08/01/2014 16:00;CRIMINAL DAMAGE
41.87141448;-87.65241834;8;08/01/2014 16:00;CRIMINAL DAMAGE
41.74775893;-87.60307542;33;08/01/2014 16:00;THEFT
41.74677871;-87.60127261;24;08/01/2014 16:00;OTHER OFFENSE
41.74652274;-87.65712562;3;08/01/2014 16:00;BATTERY
41.73720256;-87.57318376;29;08/01/2014 16:00;SCHOOL
41.88455953;-87.62610232;10;08/01/2014 16:00;DECEPTIVE PRACTICE
41.80432103;-87.59399398;29;08/01/2014 16:00;SCHOOL
41.95046025;-87.70806877;10;08/01/2014 16:00;DECEPTIVE PRACTICE
41.95211373;-87.82946743;2;08/01/2014 16:00;ASSAULT
41.95312185;-87.67130568;8;08/01/2014 16:00;CRIMINAL DAMAGE
41.75586153;-87.61155233;3;08/01/2014 16:00;BATTERY
41.76441808;-87.72222742;33;08/01/2014 16:10;THEFT
41.78052119;-87.60580559;17;08/01/2014 16:13;MOTOR VEHICLE THEFT
41.88348008;-87.62773003;33;08/01/2014 16:14;THEFT
41.70652229;-87.62046524;25;08/01/2014 16:15;PROSTITUTION
41.91987886;-87.64891976;2;08/01/2014 16:15;ASSAULT
41.82109076;-87.60162646;3;08/01/2014 16:20;BATTERY
41.79053812;-87.61897043;3;08/01/2014 16:25;BATTERY
41.78362915;-87.65445893;3;08/01/2014 16:30;BATTERY
41.7873315;-87.62097142;33;08/01/2014 16:30;THEFT
41.83401881;-87.6234629;33;08/01/2014 16:30;THEFT
42.01927106;-87.67232386;22;08/01/2014 16:30;OFFENSE INVOLVING CHILDREN
41.92076809;-87.74606937;33;08/01/2014 16:30;THEFT
41.7818343;-87.68630656;3;08/01/2014 16:30;BATTERY
41.97620016;-87.90530873;18;08/01/2014 16:35;NARCOTICS
41.78415291;-87.60683518;24;08/01/2014 16:40;OTHER OFFENSE
41.76213071;-87.59832346;15;08/01/2014 16:49;KIDNAPPING
41.90221772;-87.73135859;18;08/01/2014 16:54;NARCOTICS
41.77581909;-87.61566196;18;08/01/2014 16:55;NARCOTICS
41.97597425;-87.69283674;24;08/01/2014 17:00;OTHER OFFENSE
41.8805209;-87.62758632;33;08/01/2014 17:00;THEFT
41.75253034;-87.54881526;33;08/01/2014 17:00;THEFT
41.96436431;-87.65013156;9;08/01/2014 17:00;CRIMINAL TRESPASS
41.99719819;-87.71440624;33;08/01/2014 17:00;THEFT
41.8808507;-87.72452704;9;08/01/2014 17:00;CRIMINAL TRESPASS
41.74883196;-87.59920077;33;08/01/2014 17:00;THEFT
41.93910752;-87.73433807;33;08/01/2014 17:00;THEFT
41.75293384;-87.5724961;24;08/01/2014 17:00;OTHER OFFENSE
41.77758361;-87.69320515;2;08/01/2014 17:00;ASSAULT
41.87126272;-87.73663514;10;08/01/2014 17:00;DECEPTIVE PRACTICE
41.95313928;-87.77812731;8;08/01/2014 17:00;CRIMINAL DAMAGE
41.96314673;-87.64751194;8;08/01/2014 17:00;CRIMINAL DAMAGE
41.78972721;-87.65218343;18;08/01/2014 17:00;NARCOTICS
41.90838538;-87.70799093;24;08/01/2014 17:00;OTHER OFFENSE
41.93794826;-87.71597921;3;08/01/2014 17:05;BATTERY
41.7371463;-87.57713414;18;08/01/2014 17:05;NARCOTICS
41.7964743;-87.65477813;22;08/01/2014 17:07;OFFENSE INVOLVING CHILDREN
41.75090565;-87.605081;9;08/01/2014 17:08;CRIMINAL TRESPASS
41.89676049;-87.62834785;10;08/01/2014 17:10;DECEPTIVE PRACTICE
41.77722041;-87.68617696;12;08/01/2014 17:24;HOMICIDE
41.87618582;-87.70122556;3;08/01/2014 17:25;BATTERY
41.88580115;-87.62808642;10;08/01/2014 17:25;DECEPTIVE PRACTICE
41.91277438;-87.67766359;33;08/01/2014 17:30;THEFT
41.8825753;-87.62608013;2;08/01/2014 17:30;ASSAULT
41.86353166;-87.61481407;33;08/01/2014 17:30;THEFT
41.74698971;-87.60036142;33;08/01/2014 17:30;THEFT
41.75736411;-87.57016043;8;08/01/2014 17:30;CRIMINAL DAMAGE
41.7536809;-87.67430106;3;08/01/2014 17:30;BATTERY
41.8775348;-87.69703359;3;08/01/2014 17:40;BATTERY
41.75682115;-87.5640499;3;08/01/2014 17:40;BATTERY
41.67978582;-87.62071281;25;08/01/2014 17:45;PROSTITUTION
41.65460752;-87.61602847;3;08/01/2014 17:45;BATTERY
41.96354037;-87.71947896;28;08/01/2014 17:45;ROBBERY
41.698765;-87.64859628;8;08/01/2014 17:50;CRIMINAL DAMAGE
41.89526152;-87.72571246;3;08/01/2014 17:54;BATTERY
41.99665236;-87.66032235;24;08/01/2014 17:54;OTHER OFFENSE
41.86530287;-87.72163477;18;08/01/2014 17:56;NARCOTICS
41.96024739;-87.7169332;28;08/01/2014 17:59;ROBBERY
41.94192603;-87.65402105;4;08/01/2014 18:00;BURGLARY
41.76424071;-87.61387397;33;08/01/2014 18:00;THEFT
41.93099592;-87.64390949;33;08/01/2014 18:00;THEFT
41.69607212;-87.62094315;25;08/01/2014 18:00;PROSTITUTION
41.92170496;-87.72054519;8;08/01/2014 18:00;CRIMINAL DAMAGE
41.77355448;-87.68333966;2;08/01/2014 18:00;ASSAULT
41.87775232;-87.6294344;33;08/01/2014 18:00;THEFT
41.94317556;-87.67299282;8;08/01/2014 18:00;CRIMINAL DAMAGE
41.73920094;-87.60504104;33;08/01/2014 18:00;THEFT
41.90991283;-87.73245824;33;08/01/2014 18:00;THEFT
41.92600689;-87.71932811;8;08/01/2014 18:00;CRIMINAL DAMAGE
41.76119158;-87.61691357;3;08/01/2014 18:00;BATTERY
41.69531546;-87.62062562;25;08/01/2014 18:05;PROSTITUTION
41.79965797;-87.66701964;3;08/01/2014 18:09;BATTERY
41.94607324;-87.70825133;24;08/01/2014 18:09;OTHER OFFENSE
41.8977653;-87.62395846;10;08/01/2014 18:15;DECEPTIVE PRACTICE
41.93111422;-87.78556917;8;08/01/2014 18:15;CRIMINAL DAMAGE
41.8977653;-87.62395846;33;08/01/2014 18:15;THEFT
41.75520732;-87.56402153;18;08/01/2014 18:25;NARCOTICS
41.86529704;-87.71797459;18;08/01/2014 18:27;NARCOTICS
41.8776665;-87.7557028;18;08/01/2014 18:30;NARCOTICS
41.95309006;-87.76526074;33;08/01/2014 18:30;THEFT
41.80905202;-87.62622553;3;08/01/2014 18:30;BATTERY
41.99716467;-87.66912771;8;08/01/2014 18:30;CRIMINAL DAMAGE
41.70701042;-87.62841419;25;08/01/2014 18:30;PROSTITUTION
41.79033105;-87.65219904;18;08/01/2014 18:30;NARCOTICS
41.79184196;-87.65617646;18;08/01/2014 18:34;NARCOTICS
41.76619486;-87.68587356;18;08/01/2014 18:40;NARCOTICS
41.88086444;-87.72349503;3;08/01/2014 18:43;BATTERY
41.91800661;-87.65249645;33;08/01/2014 18:45;THEFT
41.72138685;-87.65793501;28;08/01/2014 18:45;ROBBERY
41.88027687;-87.72550926;18;08/01/2014 18:45;NARCOTICS
41.88580483;-87.62779259;3;08/01/2014 18:46;BATTERY
41.85893414;-87.72850129;18;08/01/2014 18:48;NARCOTICS
41.87590514;-87.73858578;18;08/01/2014 18:51;NARCOTICS
41.77520297;-87.70388985;36;08/01/2014 18:52;WEAPONS VIOLATION
41.86614002;-87.73521059;8;08/01/2014 18:55;CRIMINAL DAMAGE
41.80439791;-87.75147957;3;08/01/2014 18:59;BATTERY
41.86714315;-87.63936798;10;08/01/2014 19:00;DECEPTIVE PRACTICE
41.86833099;-87.7740889;24;08/01/2014 19:00;OTHER OFFENSE
41.85418752;-87.6205457;33;08/01/2014 19:00;THEFT
41.8808024;-87.72836855;18;08/01/2014 19:00;NARCOTICS
41.76872907;-87.66405897;9;08/01/2014 19:00;CRIMINAL TRESPASS
41.90388884;-87.72405108;24;08/01/2014 19:00;OTHER OFFENSE
41.85623214;-87.66625286;3;08/01/2014 19:00;BATTERY
41.80131953;-87.67629243;3;08/01/2014 19:00;BATTERY
42.02264309;-87.67317956;3;08/01/2014 19:00;BATTERY
42.01487465;-87.67658648;33;08/01/2014 19:00;THEFT
41.79786019;-87.7491549;33;08/01/2014 19:00;THEFT
41.87876451;-87.7254575;18;08/01/2014 19:00;NARCOTICS
41.89331416;-87.67511537;24;08/01/2014 19:00;OTHER OFFENSE
41.9220959;-87.69262259;3;08/01/2014 19:00;BATTERY
41.89874343;-87.71993463;18;08/01/2014 19:00;NARCOTICS
41.76438446;-87.58188373;12;08/01/2014 19:00;HOMICIDE
42.00852792;-87.77184708;3;08/01/2014 19:05;BATTERY
41.86705025;-87.71893069;4;08/01/2014 19:10;BURGLARY
41.88549614;-87.7070684;18;08/01/2014 19:10;NARCOTICS
42.00070338;-87.6585542;24;08/01/2014 19:15;OTHER OFFENSE
41.87759586;-87.69173069;18;08/01/2014 19:15;NARCOTICS
41.75099558;-87.68272441;28;08/01/2014 19:20;ROBBERY
41.75514729;-87.65885658;4;08/01/2014 19:20;BURGLARY
42.01717643;-87.69004988;18;08/01/2014 19:25;NARCOTICS
41.87284486;-87.71004114;28;08/01/2014 19:26;ROBBERY
41.73699791;-87.55127595;10;08/01/2014 19:27;DECEPTIVE PRACTICE
41.90453492;-87.72947069;28;08/01/2014 19:30;ROBBERY
41.96447039;-87.71431864;2;08/01/2014 19:30;ASSAULT
41.89315148;-87.71394998;3;08/01/2014 19:30;BATTERY
41.87190047;-87.7644271;18;08/01/2014 19:30;NARCOTICS
41.90444966;-87.73520214;3;08/01/2014 19:35;BATTERY
41.96557953;-87.66402864;3;08/01/2014 19:35;BATTERY
41.75913766;-87.74155276;33;08/01/2014 19:35;THEFT
41.77256498;-87.64445392;9;08/01/2014 19:37;CRIMINAL TRESPASS
41.79035852;-87.58683887;33;08/01/2014 19:40;THEFT
41.87574022;-87.70855895;18;08/01/2014 19:40;NARCOTICS
41.91905727;-87.68515002;9;08/01/2014 19:40;CRIMINAL TRESPASS
41.87353572;-87.71092665;18;08/01/2014 19:43;NARCOTICS
41.89344023;-87.71152311;18;08/01/2014 19:45;NARCOTICS
41.91129397;-87.70693018;4;08/01/2014 19:45;BURGLARY
41.8877088;-87.71379322;33;08/01/2014 19:47;THEFT
41.79471565;-87.67417789;18;08/01/2014 19:50;NARCOTICS
41.92048304;-87.74560166;18;08/01/2014 19:50;NARCOTICS
41.86577888;-87.72135489;18;08/01/2014 19:58;NARCOTICS
41.75253125;-87.60783688;33;08/01/2014 20:00;THEFT
41.86703967;-87.64726615;17;08/01/2014 20:00;MOTOR VEHICLE THEFT
41.82877329;-87.67294436;8;08/01/2014 20:00;CRIMINAL DAMAGE
41.93407559;-87.78564307;17;08/01/2014 20:00;MOTOR VEHICLE THEFT
41.90752941;-87.67753358;33;08/01/2014 20:00;THEFT
41.81299683;-87.71034659;24;08/01/2014 20:00;OTHER OFFENSE
41.71402119;-87.64408685;24;08/01/2014 20:03;OTHER OFFENSE
41.895511;-87.72256235;28;08/01/2014 20:09;ROBBERY
41.87869478;-87.62783775;10;08/01/2014 20:10;DECEPTIVE PRACTICE
41.90328539;-87.73138897;18;08/01/2014 20:10;NARCOTICS
41.73443323;-87.66166363;18;08/01/2014 20:10;NARCOTICS
41.83742358;-87.73301572;2;08/01/2014 20:13;ASSAULT
41.88101881;-87.64131098;2;08/01/2014 20:15;ASSAULT
41.80124154;-87.68235575;9;08/01/2014 20:28;CRIMINAL TRESPASS
41.88882477;-87.71260354;24;08/01/2014 20:30;OTHER OFFENSE
41.68526517;-87.71482764;2;08/01/2014 20:30;ASSAULT
41.96593262;-87.65871534;24;08/01/2014 20:31;OTHER OFFENSE
41.77196349;-87.66386771;18;08/01/2014 20:45;NARCOTICS
41.76593818;-87.57902113;18;08/01/2014 20:45;NARCOTICS
41.75826101;-87.63434455;18;08/01/2014 20:45;NARCOTICS
41.92602033;-87.76345412;2;08/01/2014 20:45;ASSAULT
41.73616995;-87.62503241;2;08/01/2014 20:50;ASSAULT
41.65449375;-87.60492028;4;08/01/2014 20:55;BURGLARY
41.79904001;-87.78186532;8;08/01/2014 21:00;CRIMINAL DAMAGE
41.90378123;-87.63209468;18;08/01/2014 21:02;NARCOTICS
41.87493937;-87.71066702;18;08/01/2014 21:05;NARCOTICS
41.89676049;-87.62834785;10;08/01/2014 21:10;DECEPTIVE PRACTICE
41.893034;-87.71150868;18;08/01/2014 21:10;NARCOTICS
41.87695601;-87.63384576;10;08/01/2014 21:15;DECEPTIVE PRACTICE
41.68672847;-87.68944603;22;08/01/2014 21:15;OFFENSE INVOLVING CHILDREN
41.96593262;-87.65871534;9;08/01/2014 21:15;CRIMINAL TRESPASS
41.94693565;-87.79740627;2;08/01/2014 21:15;ASSAULT
41.92386191;-87.66732;3;08/01/2014 21:18;BATTERY
41.90976604;-87.74331201;33;08/01/2014 21:20;THEFT
41.90592994;-87.62671877;3;08/01/2014 21:20;BATTERY
41.8662924;-87.63936249;9;08/01/2014 21:20;CRIMINAL TRESPASS
41.79557008;-87.76252822;18;08/01/2014 21:30;NARCOTICS
41.85683852;-87.72505216;24;08/01/2014 21:30;OTHER OFFENSE
41.7774407;-87.73386141;3;08/01/2014 21:30;BATTERY
41.85356794;-87.727759;3;08/01/2014 21:30;BATTERY
41.8999417;-87.75464255;3;08/01/2014 21:30;BATTERY
41.74222288;-87.55772752;1;08/01/2014 21:40;ARSON
42.00988616;-87.81742851;3;08/01/2014 21:40;BATTERY
41.72287817;-87.62441282;2;08/01/2014 21:40;ASSAULT
41.98666776;-87.66480827;33;08/01/2014 21:40;THEFT
41.7986386;-87.61622525;3;08/01/2014 21:45;BATTERY
41.90232674;-87.75852581;24;08/01/2014 21:49;OTHER OFFENSE
41.94710367;-87.75077187;24;08/01/2014 21:50;OTHER OFFENSE
41.88128523;-87.6855723;9;08/01/2014 21:50;CRIMINAL TRESPASS
41.89520891;-87.71279516;18;08/01/2014 21:50;NARCOTICS
41.80870049;-87.66562014;10;08/01/2014 21:55;DECEPTIVE PRACTICE
41.76918752;-87.59509037;17;08/01/2014 22:00;MOTOR VEHICLE THEFT
41.8979198;-87.77022014;24;08/01/2014 22:00;OTHER OFFENSE
41.73259433;-87.62417776;28;08/01/2014 22:00;ROBBERY
41.67754239;-87.65356902;33;08/01/2014 22:00;THEFT
41.92474185;-87.73915765;24;08/01/2014 22:00;OTHER OFFENSE
41.89742486;-87.65620821;17;08/01/2014 22:00;MOTOR VEHICLE THEFT
41.88052159;-87.75210778;28;08/01/2014 22:03;ROBBERY
41.97665322;-87.90098446;3;08/01/2014 22:15;BATTERY
41.74200513;-87.67308669;24;08/01/2014 22:17;OTHER OFFENSE
42.00535257;-87.82044905;33;08/01/2014 22:23;THEFT
41.89751339;-87.75091057;13;08/01/2014 22:25;INTERFERENCE WITH PUBLIC OFFICER
41.72176465;-87.62898556;24;08/01/2014 22:30;OTHER OFFENSE
41.90895527;-87.69436678;28;08/01/2014 22:30;ROBBERY
41.74199605;-87.60482991;33;08/01/2014 22:30;THEFT
41.77889868;-87.61574128;33;08/01/2014 22:30;THEFT
41.76635709;-87.57595545;3;08/01/2014 22:30;BATTERY
41.87448228;-87.7241946;10;08/01/2014 22:30;DECEPTIVE PRACTICE
42.02194094;-87.66564969;3;08/01/2014 22:40;BATTERY
41.87874046;-87.72713584;18;08/01/2014 22:40;NARCOTICS
41.94720992;-87.64961265;9;08/01/2014 22:47;CRIMINAL TRESPASS
41.79447851;-87.68216015;8;08/01/2014 23:00;CRIMINAL DAMAGE
41.75149019;-87.57662865;33;08/01/2014 23:00;THEFT
41.76037329;-87.56625427;33;08/01/2014 23:00;THEFT
41.98355896;-87.65737439;33;08/01/2014 23:05;THEFT
41.80778143;-87.65629106;3;08/01/2014 23:10;BATTERY
41.80866252;-87.67043662;33;08/01/2014 23:15;THEFT
41.79472714;-87.62760786;36;08/01/2014 23:19;WEAPONS VIOLATION
41.81307205;-87.59948377;28;08/01/2014 23:30;ROBBERY
41.85701652;-87.66522791;3;08/01/2014 23:30;BATTERY
41.90004967;-87.72977008;4;08/01/2014 23:30;BURGLARY
41.73497848;-87.64711995;18;08/01/2014 23:33;NARCOTICS
41.79532538;-87.65354339;18;08/01/2014 23:40;NARCOTICS
41.8765461;-87.6880436;3;08/01/2014 23:45;BATTERY
41.7836457;-87.70312163;18;08/01/2014 23:45;NARCOTICS
41.82979526;-87.64829876;2;08/01/2014 23:45;ASSAULT
41.90300572;-87.77039218;3;08/01/2014 23:45;BATTERY
41.9097422;-87.74561937;24;08/01/2014 23:49;OTHER OFFENSE
41.7124556;-87.6829374;8;09/01/2014 00:00;CRIMINAL DAMAGE
41.97302533;-87.77110358;10;09/01/2014 00:00;DECEPTIVE PRACTICE
41.75817448;-87.62203433;33;09/01/2014 00:00;THEFT
41.92179371;-87.68280372;33;09/01/2014 00:00;THEFT
41.84463176;-87.70461543;10;09/01/2014 00:00;DECEPTIVE PRACTICE
41.76156017;-87.61047684;10;09/01/2014 00:01;DECEPTIVE PRACTICE
41.75088006;-87.62468749;28;09/01/2014 00:01;ROBBERY
41.79192915;-87.79743795;3;09/01/2014 00:05;BATTERY
41.79745448;-87.66846908;29;09/01/2014 00:12;SCHOOL
41.92691284;-87.77475348;33;09/01/2014 00:30;THEFT
41.88000308;-87.77312052;8;09/01/2014 00:30;CRIMINAL DAMAGE
41.88694378;-87.62468783;24;09/01/2014 00:45;OTHER OFFENSE
41.75465751;-87.66947168;33;09/01/2014 00:55;THEFT
41.82964147;-87.61459878;8;09/01/2014 01:00;CRIMINAL DAMAGE
41.90952254;-87.74559567;4;09/01/2014 01:00;BURGLARY
41.75465751;-87.66947168;3;09/01/2014 01:00;BATTERY
41.91078698;-87.64979942;8;09/01/2014 01:00;CRIMINAL DAMAGE
41.73196133;-87.60588853;8;09/01/2014 01:15;CRIMINAL DAMAGE
41.7521733;-87.6478677;3;09/01/2014 01:15;BATTERY
41.9249549;-87.69352;2;09/01/2014 01:20;ASSAULT
41.79909095;-87.67338123;8;09/01/2014 01:30;CRIMINAL DAMAGE
41.87605801;-87.72636807;2;09/01/2014 01:44;ASSAULT
41.775094;-87.64059946;31;09/01/2014 01:53;SEX OFFENSE
41.88334319;-87.76481769;3;09/01/2014 02:00;BATTERY
41.8862702;-87.74178016;33;09/01/2014 02:00;THEFT
41.78327028;-87.69823778;8;09/01/2014 02:00;CRIMINAL DAMAGE
41.93193258;-87.70478785;24;09/01/2014 02:00;OTHER OFFENSE
41.89679256;-87.62775981;9;09/01/2014 02:20;CRIMINAL TRESPASS
41.93180756;-87.71665216;3;09/01/2014 02:30;BATTERY
41.87074717;-87.72519568;3;09/01/2014 02:50;BATTERY
41.75576032;-87.65159348;3;09/01/2014 03:00;BATTERY
41.76139938;-87.64323919;33;09/01/2014 03:00;THEFT
41.86157187;-87.65816882;33;09/01/2014 03:00;THEFT
41.8462782;-87.6352297;8;09/01/2014 03:00;CRIMINAL DAMAGE
41.86490038;-87.65532899;17;09/01/2014 03:00;MOTOR VEHICLE THEFT
41.74021336;-87.6496694;8;09/01/2014 03:00;CRIMINAL DAMAGE
41.88533904;-87.63554645;28;09/01/2014 03:00;ROBBERY
41.80358878;-87.73923302;3;09/01/2014 03:10;BATTERY
41.69410285;-87.65748456;3;09/01/2014 03:24;BATTERY
41.9068409;-87.76567461;3;09/01/2014 03:25;BATTERY
41.87706802;-87.74914646;28;09/01/2014 03:30;ROBBERY
41.91100846;-87.6496648;28;09/01/2014 03:30;ROBBERY
41.7659788;-87.62506753;18;09/01/2014 03:58;NARCOTICS
41.81085185;-87.60377881;3;09/01/2014 04:09;BATTERY
41.77192229;-87.62496182;33;09/01/2014 04:30;THEFT
41.89459874;-87.72131123;33;09/01/2014 05:20;THEFT
41.77154776;-87.63596361;17;09/01/2014 05:30;MOTOR VEHICLE THEFT
41.90678164;-87.67346719;4;09/01/2014 05:30;BURGLARY
41.77411235;-87.6648242;3;09/01/2014 05:44;BATTERY
41.96140508;-87.65459366;33;09/01/2014 06:00;THEFT
41.87884598;-87.73680695;3;09/01/2014 06:00;BATTERY
41.92222224;-87.74762505;17;09/01/2014 06:00;MOTOR VEHICLE THEFT
41.82135323;-87.61013858;3;09/01/2014 06:00;BATTERY
41.91672231;-87.6935361;3;09/01/2014 06:00;BATTERY
41.9537907;-87.90747333;18;09/01/2014 06:00;NARCOTICS
41.74488426;-87.64280046;24;09/01/2014 06:00;OTHER OFFENSE
41.80480656;-87.72702269;4;09/01/2014 06:20;BURGLARY
41.82857382;-87.6145777;24;09/01/2014 06:23;OTHER OFFENSE
41.96808405;-87.7651827;3;09/01/2014 06:30;BATTERY
41.77916566;-87.69739836;33;09/01/2014 06:30;THEFT
41.99723253;-87.66521642;4;09/01/2014 06:30;BURGLARY
41.72236328;-87.55259998;4;09/01/2014 06:45;BURGLARY
41.93548873;-87.73187275;4;09/01/2014 07:00;BURGLARY
41.94208471;-87.76950457;17;09/01/2014 07:00;MOTOR VEHICLE THEFT
41.9768015;-87.68135788;4;09/01/2014 07:00;BURGLARY
41.76594902;-87.57151392;33;09/01/2014 07:00;THEFT
41.92115874;-87.73509388;4;09/01/2014 07:10;BURGLARY
41.8719169;-87.62745701;9;09/01/2014 07:20;CRIMINAL TRESPASS
41.75340467;-87.69834903;17;09/01/2014 07:20;MOTOR VEHICLE THEFT
41.7932252;-87.6190396;17;09/01/2014 07:20;MOTOR VEHICLE THEFT
41.76145862;-87.56031088;8;09/01/2014 07:30;CRIMINAL DAMAGE
41.76103592;-87.6344134;17;09/01/2014 07:30;MOTOR VEHICLE THEFT
41.86759909;-87.62727689;33;09/01/2014 07:30;THEFT
41.92097412;-87.72192642;29;09/01/2014 07:35;SCHOOL
41.90371595;-87.63129091;9;09/01/2014 07:38;CRIMINAL TRESPASS
41.8661085;-87.63935714;28;09/01/2014 07:40;ROBBERY
41.96498167;-87.72319356;3;09/01/2014 07:45;BATTERY
41.94066322;-87.75461633;8;09/01/2014 07:45;CRIMINAL DAMAGE
41.97046344;-87.65780705;2;09/01/2014 07:45;ASSAULT
41.74790107;-87.61473804;17;09/01/2014 07:58;MOTOR VEHICLE THEFT
41.67940034;-87.67478494;17;09/01/2014 08:00;MOTOR VEHICLE THEFT
41.74927526;-87.60503712;17;09/01/2014 08:00;MOTOR VEHICLE THEFT
41.94319673;-87.72500392;33;09/01/2014 08:00;THEFT
41.83755846;-87.72786592;17;09/01/2014 08:00;MOTOR VEHICLE THEFT
41.76463564;-87.56099851;24;09/01/2014 08:00;OTHER OFFENSE
41.88292827;-87.68349557;3;09/01/2014 08:00;BATTERY
41.83890574;-87.73306425;17;09/01/2014 08:00;MOTOR VEHICLE THEFT
41.72554039;-87.60470813;33;09/01/2014 08:00;THEFT
41.89652246;-87.71008643;24;09/01/2014 08:00;OTHER OFFENSE
41.93331338;-87.75663796;24;09/01/2014 08:00;OTHER OFFENSE
41.88128523;-87.6855723;10;09/01/2014 08:01;DECEPTIVE PRACTICE
41.73216826;-87.56844741;17;09/01/2014 08:15;MOTOR VEHICLE THEFT
41.93443252;-87.74410643;4;09/01/2014 08:15;BURGLARY
41.78218208;-87.58665139;29;09/01/2014 08:20;SCHOOL
41.80966415;-87.69317197;8;09/01/2014 08:20;CRIMINAL DAMAGE
41.74599796;-87.59676323;3;09/01/2014 08:28;BATTERY
41.90976604;-87.74331201;2;09/01/2014 08:30;ASSAULT
41.89105603;-87.66946053;3;09/01/2014 08:30;BATTERY
41.97321095;-87.71335143;29;09/01/2014 08:30;SCHOOL
41.92241681;-87.7562437;17;09/01/2014 08:30;MOTOR VEHICLE THEFT
41.7630054;-87.60900912;8;09/01/2014 08:30;CRIMINAL DAMAGE
41.94590425;-87.81543772;3;09/01/2014 08:30;BATTERY
41.9902442;-87.72878634;33;09/01/2014 08:35;THEFT
41.92053844;-87.75816765;29;09/01/2014 08:45;SCHOOL
41.76545362;-87.65305606;29;09/01/2014 08:45;SCHOOL
42.00926565;-87.69905241;33;09/01/2014 08:45;THEFT
41.75875669;-87.56622221;4;09/01/2014 08:50;BURGLARY
41.79941695;-87.73754417;34;09/01/2014 08:51;THEFT BY LESSEE
41.98636984;-87.70085768;33;09/01/2014 09:00;THEFT
41.75111923;-87.59896949;4;09/01/2014 09:00;BURGLARY
41.85353182;-87.71735326;10;09/01/2014 09:00;DECEPTIVE PRACTICE
41.75409542;-87.74136819;33;09/01/2014 09:00;THEFT
41.77352622;-87.69247563;33;09/01/2014 09:00;THEFT
41.66967638;-87.6203851;2;09/01/2014 09:00;ASSAULT
41.68224709;-87.63225016;22;09/01/2014 09:00;OFFENSE INVOLVING CHILDREN
41.7760368;-87.77776935;10;09/01/2014 09:00;DECEPTIVE PRACTICE
41.80624057;-87.67112914;33;09/01/2014 09:00;THEFT
41.90981549;-87.66659534;33;09/01/2014 09:00;THEFT
41.74962072;-87.57487326;29;09/01/2014 09:00;SCHOOL
41.77183112;-87.69956038;15;09/01/2014 09:00;KIDNAPPING
41.84670768;-87.62336669;17;09/01/2014 09:00;MOTOR VEHICLE THEFT
41.88508408;-87.63966595;33;09/01/2014 09:00;THEFT
41.78155761;-87.65313519;33;09/01/2014 09:00;THEFT
41.84306562;-87.6953127;14;09/01/2014 09:00;INTIMIDATION
41.74532437;-87.60735004;4;09/01/2014 09:00;BURGLARY
41.70681599;-87.66146776;4;09/01/2014 09:04;BURGLARY
41.75088006;-87.62468749;3;09/01/2014 09:10;BATTERY
41.89680998;-87.6265769;9;09/01/2014 09:15;CRIMINAL TRESPASS
41.93562469;-87.72693925;33;09/01/2014 09:20;THEFT
41.71639771;-87.55389555;9;09/01/2014 09:29;CRIMINAL TRESPASS
41.75962301;-87.58946029;2;09/01/2014 09:30;ASSAULT
41.98050264;-87.70986765;4;09/01/2014 09:30;BURGLARY
41.86298732;-87.62259557;24;09/01/2014 09:30;OTHER OFFENSE
41.88658312;-87.70210363;3;09/01/2014 09:30;BATTERY
41.71352023;-87.63429843;33;09/01/2014 09:30;THEFT
41.74491462;-87.60030074;27;09/01/2014 09:46;PUBLIC PEACE VIOLATION
41.80284096;-87.6622407;29;09/01/2014 09:50;SCHOOL
41.75785053;-87.56286111;28;09/01/2014 09:50;ROBBERY
41.9257951;-87.63926921;33;09/01/2014 10:00;THEFT
41.88890532;-87.76861726;33;09/01/2014 10:00;THEFT
41.79415295;-87.59990498;33;09/01/2014 10:00;THEFT
41.76882363;-87.65770893;33;09/01/2014 10:00;THEFT
41.92948528;-87.70138684;4;09/01/2014 10:00;BURGLARY
41.80427132;-87.60902133;24;09/01/2014 10:00;OTHER OFFENSE
41.84524492;-87.69537546;33;09/01/2014 10:00;THEFT
41.76119158;-87.61691357;24;09/01/2014 10:00;OTHER OFFENSE
41.8443639;-87.69535485;33;09/01/2014 10:00;THEFT
41.90676874;-87.76717776;29;09/01/2014 10:00;SCHOOL
41.88332274;-87.62981761;3;09/01/2014 10:00;BATTERY
41.70569561;-87.72076231;33;09/01/2014 10:00;THEFT
41.93673474;-87.70524789;33;09/01/2014 10:00;THEFT
41.77867394;-87.65462485;10;09/01/2014 10:00;DECEPTIVE PRACTICE
41.86166083;-87.66023468;17;09/01/2014 10:00;MOTOR VEHICLE THEFT
41.77945536;-87.73025696;3;09/01/2014 10:00;BATTERY
41.78872837;-87.62408013;17;09/01/2014 10:00;MOTOR VEHICLE THEFT
41.75685229;-87.58623406;33;09/01/2014 10:00;THEFT
41.90381788;-87.71132691;33;09/01/2014 10:14;THEFT
41.87471147;-87.70811734;18;09/01/2014 10:15;NARCOTICS
41.92011253;-87.71885918;3;09/01/2014 10:15;BATTERY
41.8100201;-87.61946562;8;09/01/2014 10:20;CRIMINAL DAMAGE
41.86306342;-87.70634388;28;09/01/2014 10:30;ROBBERY
41.89564058;-87.62340532;24;09/01/2014 10:30;OTHER OFFENSE
41.90115008;-87.71787291;24;09/01/2014 10:30;OTHER OFFENSE
41.73245982;-87.60486807;8;09/01/2014 10:30;CRIMINAL DAMAGE
41.72654672;-87.60198589;8;09/01/2014 10:35;CRIMINAL DAMAGE
41.801953;-87.61875563;33;09/01/2014 10:39;THEFT
41.89645592;-87.72843387;36;09/01/2014 10:40;WEAPONS VIOLATION
41.88048364;-87.7549173;18;09/01/2014 10:40;NARCOTICS
41.80297052;-87.66375043;18;09/01/2014 10:40;NARCOTICS
41.88236438;-87.72586405;18;09/01/2014 10:46;NARCOTICS
41.7418607;-87.55287316;17;09/01/2014 11:00;MOTOR VEHICLE THEFT
41.78218208;-87.58665139;29;09/01/2014 11:00;SCHOOL
41.8868513;-87.67892764;33;09/01/2014 11:00;THEFT
41.81953622;-87.61096246;3;09/01/2014 11:00;BATTERY
41.82096221;-87.70107559;33;09/01/2014 11:00;THEFT
41.81224662;-87.61477127;33;09/01/2014 11:00;THEFT
41.96405398;-87.72316565;29;09/01/2014 11:00;SCHOOL
41.79362121;-87.65960485;4;09/01/2014 11:00;BURGLARY
41.80243368;-87.60052942;22;09/01/2014 11:00;OFFENSE INVOLVING CHILDREN
41.8854443;-87.71065684;18;09/01/2014 11:03;NARCOTICS
41.72265859;-87.62440791;10;09/01/2014 11:10;DECEPTIVE PRACTICE
41.96562025;-87.68987016;4;09/01/2014 11:15;BURGLARY
41.85452931;-87.71862474;8;09/01/2014 11:15;CRIMINAL DAMAGE
41.85361473;-87.6855359;33;09/01/2014 11:17;THEFT
41.86627221;-87.66652664;33;09/01/2014 11:18;THEFT
41.85832811;-87.72133416;29;09/01/2014 11:20;SCHOOL
41.74229206;-87.54771239;3;09/01/2014 11:20;BATTERY
41.78449591;-87.69211707;3;09/01/2014 11:20;BATTERY
41.9692596;-87.65053154;2;09/01/2014 11:30;ASSAULT
41.9531244;-87.77902445;18;09/01/2014 11:30;NARCOTICS
41.94646373;-87.73571752;29;09/01/2014 11:30;SCHOOL
41.73702958;-87.56985896;3;09/01/2014 11:30;BATTERY
41.86364685;-87.69567715;8;09/01/2014 11:31;CRIMINAL DAMAGE
41.89463891;-87.72009511;18;09/01/2014 11:40;NARCOTICS
41.86523029;-87.71934828;18;09/01/2014 11:45;NARCOTICS
41.7463464;-87.57481652;33;09/01/2014 11:45;THEFT
41.75890555;-87.56427057;18;09/01/2014 11:45;NARCOTICS
41.69504406;-87.65513864;8;09/01/2014 11:50;CRIMINAL DAMAGE
41.72579333;-87.58555729;18;09/01/2014 11:55;NARCOTICS
41.75874153;-87.55946018;18;09/01/2014 11:58;NARCOTICS
41.97682561;-87.67980567;4;09/01/2014 12:00;BURGLARY
41.90999377;-87.72645448;33;09/01/2014 12:00;THEFT
41.88536485;-87.72605597;10;09/01/2014 12:00;DECEPTIVE PRACTICE
41.81347324;-87.63477902;4;09/01/2014 12:00;BURGLARY
41.74229206;-87.54771239;4;09/01/2014 12:00;BURGLARY
41.82086403;-87.69720974;17;09/01/2014 12:00;MOTOR VEHICLE THEFT
41.9241436;-87.69913925;24;09/01/2014 12:00;OTHER OFFENSE
41.96244751;-87.68979178;33;09/01/2014 12:00;THEFT
41.78564433;-87.67392615;33;09/01/2014 12:00;THEFT
41.99830337;-87.66015412;10;09/01/2014 12:00;DECEPTIVE PRACTICE
41.96183074;-87.67586667;8;09/01/2014 12:00;CRIMINAL DAMAGE
41.77975754;-87.683508;10;09/01/2014 12:00;DECEPTIVE PRACTICE
41.83598075;-87.73419245;29;09/01/2014 12:10;SCHOOL
41.92564973;-87.7254389;8;09/01/2014 12:10;CRIMINAL DAMAGE
41.87923945;-87.74071769;25;09/01/2014 12:13;PROSTITUTION
41.78631556;-87.6642391;18;09/01/2014 12:13;NARCOTICS
41.85340831;-87.63396291;33;09/01/2014 12:15;THEFT
41.76500435;-87.58984899;9;09/01/2014 12:27;CRIMINAL TRESPASS
41.87446371;-87.64374264;3;09/01/2014 12:30;BATTERY
41.79412287;-87.63065458;28;09/01/2014 12:30;ROBBERY
41.96648422;-87.83680393;33;09/01/2014 12:30;THEFT
41.91830621;-87.66002554;33;09/01/2014 12:30;THEFT
41.74390271;-87.60170835;8;09/01/2014 12:30;CRIMINAL DAMAGE
41.83925173;-87.71601866;3;09/01/2014 12:30;BATTERY
41.88299461;-87.76480609;33;09/01/2014 12:30;THEFT
41.80925095;-87.61802162;3;09/01/2014 12:30;BATTERY
41.92829551;-87.70461041;4;09/01/2014 12:30;BURGLARY
41.68566205;-87.6585504;18;09/01/2014 12:35;NARCOTICS
41.78218208;-87.58665139;29;09/01/2014 12:40;SCHOOL
41.74080046;-87.60584374;4;09/01/2014 12:40;BURGLARY
41.96865966;-87.66140399;18;09/01/2014 12:50;NARCOTICS
41.7769561;-87.65093277;3;09/01/2014 12:52;BATTERY
41.94058814;-87.64456334;33;09/01/2014 12:53;THEFT
41.90976604;-87.74331201;33;09/01/2014 12:57;THEFT
41.86950568;-87.64388037;33;09/01/2014 13:00;THEFT
41.86529103;-87.7117629;8;09/01/2014 13:00;CRIMINAL DAMAGE
41.87071528;-87.71868998;29;09/01/2014 13:00;SCHOOL
41.91407835;-87.69036242;8;09/01/2014 13:00;CRIMINAL DAMAGE
41.88284703;-87.65846635;33;09/01/2014 13:00;THEFT
41.84800445;-87.70161317;33;09/01/2014 13:00;THEFT
41.72965266;-87.61449817;24;09/01/2014 13:00;OTHER OFFENSE
41.97253156;-87.762797;24;09/01/2014 13:00;OTHER OFFENSE
41.96881669;-87.74877225;33;09/01/2014 13:00;THEFT
41.95132509;-87.75855635;33;09/01/2014 13:00;THEFT
41.88235746;-87.62769464;33;09/01/2014 13:03;THEFT
41.79415811;-87.63193037;9;09/01/2014 13:04;CRIMINAL TRESPASS
41.89263316;-87.62433479;33;09/01/2014 13:10;THEFT
41.90323577;-87.63219983;18;09/01/2014 13:11;NARCOTICS
41.89449565;-87.63134414;3;09/01/2014 13:18;BATTERY
41.82942998;-87.68028701;8;09/01/2014 13:30;CRIMINAL DAMAGE
41.74355521;-87.6597694;33;09/01/2014 13:30;THEFT
41.77963033;-87.61425192;33;09/01/2014 13:30;THEFT
41.76402036;-87.61374447;36;09/01/2014 13:30;WEAPONS VIOLATION
41.94767013;-87.70770271;18;09/01/2014 13:33;NARCOTICS
41.77322483;-87.6072188;18;09/01/2014 13:35;NARCOTICS
41.77342072;-87.58852003;18;09/01/2014 13:35;NARCOTICS
41.80228506;-87.61085918;3;09/01/2014 13:45;BATTERY
41.84371402;-87.71706209;28;09/01/2014 13:45;ROBBERY
41.74583274;-87.63535884;29;09/01/2014 13:45;SCHOOL
41.88086444;-87.72349503;2;09/01/2014 13:45;ASSAULT
41.90027005;-87.71906048;18;09/01/2014 13:50;NARCOTICS
41.75805165;-87.56256916;18;09/01/2014 13:54;NARCOTICS
41.73635002;-87.58041166;3;09/01/2014 13:55;BATTERY
41.82335783;-87.70655896;17;09/01/2014 14:00;MOTOR VEHICLE THEFT
41.89360718;-87.63280098;33;09/01/2014 14:00;THEFT
41.83790358;-87.70225196;8;09/01/2014 14:00;CRIMINAL DAMAGE
41.9395015;-87.69787342;3;09/01/2014 14:05;BATTERY
41.71286106;-87.64283566;17;09/01/2014 14:10;MOTOR VEHICLE THEFT
41.88353857;-87.75503296;24;09/01/2014 14:20;OTHER OFFENSE
41.87937216;-87.74410945;18;09/01/2014 14:20;NARCOTICS
41.72158928;-87.6254563;18;09/01/2014 14:25;NARCOTICS
41.9228933;-87.66639306;10;09/01/2014 14:30;DECEPTIVE PRACTICE
41.75962301;-87.58946029;33;09/01/2014 14:30;THEFT
41.88476925;-87.67955483;8;09/01/2014 14:30;CRIMINAL DAMAGE
41.79973304;-87.65545891;8;09/01/2014 14:30;CRIMINAL DAMAGE
41.69351055;-87.66933557;29;09/01/2014 14:30;SCHOOL
41.7802265;-87.6060729;24;09/01/2014 14:30;OTHER OFFENSE
41.79666433;-87.72340644;17;09/01/2014 14:30;MOTOR VEHICLE THEFT
41.74583274;-87.63535884;29;09/01/2014 14:30;SCHOOL
41.99409267;-87.6770209;18;09/01/2014 14:33;NARCOTICS
41.88489866;-87.75048165;29;09/01/2014 14:35;SCHOOL
41.96850518;-87.68902848;33;09/01/2014 14:40;THEFT
41.74461906;-87.59999996;8;09/01/2014 14:40;CRIMINAL DAMAGE
41.77978321;-87.65009253;33;09/01/2014 14:45;THEFT
41.73543288;-87.54593843;18;09/01/2014 14:45;NARCOTICS
41.90676874;-87.76717776;29;09/01/2014 14:45;SCHOOL
41.76591041;-87.58190258;3;09/01/2014 14:45;BATTERY
41.77641999;-87.74236911;3;09/01/2014 14:48;BATTERY
41.76859322;-87.58299298;29;09/01/2014 14:50;SCHOOL
41.89746674;-87.750911;18;09/01/2014 14:52;NARCOTICS
41.75160786;-87.5845358;17;09/01/2014 14:55;MOTOR VEHICLE THEFT
41.93522415;-87.75189804;2;09/01/2014 14:57;ASSAULT
41.78982876;-87.65218603;18;09/01/2014 14:58;NARCOTICS
41.76601923;-87.56762759;17;09/01/2014 15:00;MOTOR VEHICLE THEFT
41.72781267;-87.64843078;29;09/01/2014 15:00;SCHOOL
41.84047582;-87.6269843;3;09/01/2014 15:00;BATTERY
41.77626556;-87.66795107;33;09/01/2014 15:00;THEFT
41.93905716;-87.72114726;33;09/01/2014 15:00;THEFT
41.86693826;-87.70583241;33;09/01/2014 15:00;THEFT
41.92979967;-87.74667008;33;09/01/2014 15:00;THEFT
41.89760054;-87.69403922;8;09/01/2014 15:00;CRIMINAL DAMAGE
41.77167547;-87.70973113;17;09/01/2014 15:00;MOTOR VEHICLE THEFT
41.98324926;-87.69532373;8;09/01/2014 15:00;CRIMINAL DAMAGE
41.8878927;-87.77422681;28;09/01/2014 15:00;ROBBERY
41.9024977;-87.73137065;18;09/01/2014 15:01;NARCOTICS
41.7974788;-87.66603736;28;09/01/2014 15:05;ROBBERY
41.75348393;-87.70880412;29;09/01/2014 15:05;SCHOOL