41.6698212;-87.63548512;3;13/12/2013 01:50;BATTERY
41.73796601;-87.58328732;33;13/12/2013 02:00;THEFT
41.80253961;-87.61512913;3;13/12/2013 02:10;BATTERY
41.93882337;-87.64269682;3;13/12/2013 02:25;BATTERY
41.84661898;-87.71837016;3;13/12/2013 02:30;BATTERY
41.89261965;-87.6261493;9;13/12/2013 02:30;CRIMINAL TRESPASS
42.0005478;-87.66056826;28;13/12/2013 02:31;ROBBERY
41.76478491;-87.57641747;18;13/12/2013 02:38;NARCOTICS
41.76631805;-87.6843621;3;13/12/2013 02:40;BATTERY
41.91892451;-87.69279027;3;13/12/2013 02:44;BATTERY
41.85800838;-87.71289063;3;13/12/2013 02:50;BATTERY
41.89338917;-87.62767239;33;13/12/2013 02:50;THEFT
42.00606551;-87.66512033;33;13/12/2013 03:00;THEFT
41.89600451;-87.76082304;17;13/12/2013 03:00;MOTOR VEHICLE THEFT
41.74407635;-87.58815938;33;13/12/2013 03:00;THEFT
41.77900329;-87.59928571;8;13/12/2013 03:00;CRIMINAL DAMAGE
41.76618543;-87.56170571;33;13/12/2013 03:10;THEFT
41.98071651;-87.88361209;34;13/12/2013 03:35;THEFT BY LESSEE
41.91460659;-87.7567623;3;13/12/2013 03:35;BATTERY
41.77684804;-87.6931868;24;13/12/2013 03:48;OTHER OFFENSE
41.76036486;-87.68909529;33;13/12/2013 04:00;THEFT
41.8676869;-87.77312893;33;13/12/2013 04:00;THEFT
41.70332571;-87.61746474;8;13/12/2013 04:15;CRIMINAL DAMAGE
41.77459339;-87.69586345;2;13/12/2013 04:16;ASSAULT
41.76770577;-87.64095754;8;13/12/2013 04:28;CRIMINAL DAMAGE
41.98151168;-87.66015816;3;13/12/2013 04:30;BATTERY
41.78680492;-87.68643258;3;13/12/2013 04:30;BATTERY
41.96816015;-87.70953572;3;13/12/2013 04:30;BATTERY
41.88587382;-87.76158922;33;13/12/2013 04:30;THEFT
41.88988034;-87.75281992;8;13/12/2013 04:50;CRIMINAL DAMAGE
41.92038802;-87.67786491;4;13/12/2013 04:50;BURGLARY
41.70710261;-87.6426922;17;13/12/2013 05:00;MOTOR VEHICLE THEFT
41.95281275;-87.64671102;33;13/12/2013 05:00;THEFT
41.91318116;-87.67777332;33;13/12/2013 05:00;THEFT
42.02222412;-87.67524484;8;13/12/2013 05:00;CRIMINAL DAMAGE
41.8774696;-87.62942282;2;13/12/2013 05:15;ASSAULT
41.91908157;-87.72676521;33;13/12/2013 05:30;THEFT
41.88764045;-87.62685426;24;13/12/2013 05:30;OTHER OFFENSE
41.84246142;-87.64166055;17;13/12/2013 05:40;MOTOR VEHICLE THEFT
41.96594203;-87.65798351;28;13/12/2013 05:50;ROBBERY
41.74067419;-87.65240529;33;13/12/2013 06:00;THEFT
41.87000203;-87.71925121;33;13/12/2013 06:00;THEFT
41.76591355;-87.57030471;9;13/12/2013 06:05;CRIMINAL TRESPASS
41.79513695;-87.70982647;24;13/12/2013 06:10;OTHER OFFENSE
41.93254739;-87.74735419;17;13/12/2013 06:20;MOTOR VEHICLE THEFT
41.93865215;-87.722908;2;13/12/2013 06:20;ASSAULT
41.87966046;-87.63362164;33;13/12/2013 06:35;THEFT
41.93919445;-87.71146105;28;13/12/2013 06:55;ROBBERY
41.78606932;-87.7031969;17;13/12/2013 07:00;MOTOR VEHICLE THEFT
41.81866826;-87.69467447;29;13/12/2013 07:00;SCHOOL
41.74523655;-87.65587856;24;13/12/2013 07:00;OTHER OFFENSE
41.9383806;-87.80661138;17;13/12/2013 07:00;MOTOR VEHICLE THEFT
41.87679825;-87.62779619;33;13/12/2013 07:00;THEFT
41.76951812;-87.64800933;8;13/12/2013 07:00;CRIMINAL DAMAGE
41.81866826;-87.69467447;29;13/12/2013 07:00;SCHOOL
41.86449457;-87.63930484;9;13/12/2013 07:05;CRIMINAL TRESPASS
41.95400425;-87.72257036;4;13/12/2013 07:15;BURGLARY
41.79328059;-87.70707944;24;13/12/2013 07:20;OTHER OFFENSE
41.90560133;-87.72045675;3;13/12/2013 07:24;BATTERY
41.86705215;-87.7187728;3;13/12/2013 07:30;BATTERY
41.94045432;-87.7711178;8;13/12/2013 07:30;CRIMINAL DAMAGE
41.84200254;-87.71214248;3;13/12/2013 07:35;BATTERY
41.76972733;-87.68597368;3;13/12/2013 07:39;BATTERY
41.77398425;-87.65328487;33;13/12/2013 07:45;THEFT
41.89901314;-87.73306366;4;13/12/2013 07:45;BURGLARY
41.78198316;-87.59153012;2;13/12/2013 07:45;ASSAULT
41.90371702;-87.67741831;10;13/12/2013 07:46;DECEPTIVE PRACTICE
41.84670768;-87.62336669;24;13/12/2013 07:50;OTHER OFFENSE
41.86459535;-87.72742367;33;13/12/2013 08:00;THEFT
41.97511161;-87.67952164;29;13/12/2013 08:00;SCHOOL
41.76539328;-87.57920712;17;13/12/2013 08:00;MOTOR VEHICLE THEFT
41.78282412;-87.69646391;28;13/12/2013 08:00;ROBBERY
41.77927992;-87.66436357;33;13/12/2013 08:00;THEFT
41.93128553;-87.75666357;3;13/12/2013 08:00;BATTERY
41.96552341;-87.65493603;2;13/12/2013 08:00;ASSAULT
41.77956119;-87.66459529;33;13/12/2013 08:00;THEFT
41.91608679;-87.80548673;10;13/12/2013 08:00;DECEPTIVE PRACTICE
41.78924307;-87.74163898;33;13/12/2013 08:00;THEFT
41.81443255;-87.60845565;29;13/12/2013 08:00;SCHOOL
41.76010395;-87.60282551;24;13/12/2013 08:00;OTHER OFFENSE
41.68711267;-87.61227003;17;13/12/2013 08:00;MOTOR VEHICLE THEFT
41.70125405;-87.65135657;24;13/12/2013 08:00;OTHER OFFENSE
41.79602497;-87.75964169;33;13/12/2013 08:00;THEFT
41.73885715;-87.65235487;3;13/12/2013 08:10;BATTERY
41.79042923;-87.78032199;29;13/12/2013 08:25;SCHOOL
41.77953603;-87.61716772;29;13/12/2013 08:30;SCHOOL
41.76121311;-87.56134744;4;13/12/2013 08:30;BURGLARY
41.75379628;-87.60176459;29;13/12/2013 08:30;SCHOOL
41.78477857;-87.73011908;4;13/12/2013 08:30;BURGLARY
41.97941283;-87.68941871;3;13/12/2013 08:30;BATTERY
41.89258594;-87.70783287;29;13/12/2013 08:30;SCHOOL
42.02263167;-87.67119601;3;13/12/2013 08:30;BATTERY
41.91293861;-87.78660269;3;13/12/2013 08:37;BATTERY
41.88902728;-87.75835492;18;13/12/2013 08:40;NARCOTICS
41.93752745;-87.78498871;3;13/12/2013 08:40;BATTERY
41.80504557;-87.66759102;24;13/12/2013 08:44;OTHER OFFENSE
41.77020029;-87.65289227;3;13/12/2013 08:45;BATTERY
41.80607021;-87.58568085;8;13/12/2013 08:45;CRIMINAL DAMAGE
41.89390851;-87.68165067;4;13/12/2013 08:45;BURGLARY
41.66127601;-87.64150233;3;13/12/2013 08:46;BATTERY
41.87446371;-87.64374264;33;13/12/2013 08:50;THEFT
41.88489866;-87.75048165;29;13/12/2013 08:55;SCHOOL
41.73720256;-87.57318376;29;13/12/2013 08:55;SCHOOL
41.81540891;-87.62285406;24;13/12/2013 09:00;OTHER OFFENSE
41.73265975;-87.57303582;33;13/12/2013 09:00;THEFT
41.85368764;-87.6833842;33;13/12/2013 09:00;THEFT
41.87384233;-87.70224002;29;13/12/2013 09:00;SCHOOL
41.80203158;-87.67316401;10;13/12/2013 09:00;DECEPTIVE PRACTICE
41.89447886;-87.74564179;10;13/12/2013 09:00;DECEPTIVE PRACTICE
41.93272373;-87.65525431;33;13/12/2013 09:00;THEFT
41.77728886;-87.70093281;4;13/12/2013 09:00;BURGLARY
41.87368632;-87.69585642;3;13/12/2013 09:00;BATTERY
41.70276031;-87.69673459;10;13/12/2013 09:00;DECEPTIVE PRACTICE
41.87265239;-87.63149142;33;13/12/2013 09:00;THEFT
41.75277131;-87.65244236;17;13/12/2013 09:00;MOTOR VEHICLE THEFT
41.82551155;-87.60591284;10;13/12/2013 09:00;DECEPTIVE PRACTICE
41.87749936;-87.62444701;10;13/12/2013 09:00;DECEPTIVE PRACTICE
41.96840474;-87.77970834;10;13/12/2013 09:00;DECEPTIVE PRACTICE
41.72398219;-87.61526104;3;13/12/2013 09:00;BATTERY
41.77061951;-87.70280191;33;13/12/2013 09:00;THEFT
41.68238056;-87.65680918;3;13/12/2013 09:05;BATTERY
41.68810938;-87.53749838;29;13/12/2013 09:20;SCHOOL
41.83252322;-87.61683788;33;13/12/2013 09:23;THEFT
42.01290363;-87.70790648;3;13/12/2013 09:25;BATTERY
41.89676049;-87.62834785;10;13/12/2013 09:25;DECEPTIVE PRACTICE
41.86612747;-87.72033828;18;13/12/2013 09:30;NARCOTICS
41.73201626;-87.57574351;4;13/12/2013 09:30;BURGLARY
41.92788962;-87.73601218;29;13/12/2013 09:30;SCHOOL
41.75884721;-87.58916504;10;13/12/2013 09:30;DECEPTIVE PRACTICE
41.8983291;-87.71533615;33;13/12/2013 09:30;THEFT
41.88757714;-87.63264651;28;13/12/2013 09:37;ROBBERY
41.99423575;-87.65536692;24;13/12/2013 09:45;OTHER OFFENSE
41.76261116;-87.57720908;9;13/12/2013 09:45;CRIMINAL TRESPASS
41.74228776;-87.58446821;17;13/12/2013 09:45;MOTOR VEHICLE THEFT
41.91342461;-87.70362111;33;13/12/2013 09:50;THEFT
41.77526509;-87.58643834;17;13/12/2013 09:55;MOTOR VEHICLE THEFT
41.88350635;-87.749209;18;13/12/2013 09:59;NARCOTICS
41.89195326;-87.66376579;5;13/12/2013 10:00;BUS
41.68259081;-87.64461639;4;13/12/2013 10:00;BURGLARY
41.77965196;-87.71153836;33;13/12/2013 10:00;THEFT
41.83106989;-87.61745952;33;13/12/2013 10:00;THEFT
41.67217971;-87.64157225;24;13/12/2013 10:00;OTHER OFFENSE
41.69174621;-87.62658543;4;13/12/2013 10:00;BURGLARY
41.84764663;-87.67839511;33;13/12/2013 10:00;THEFT
41.86558362;-87.72024803;18;13/12/2013 10:00;NARCOTICS
41.88306865;-87.77317086;24;13/12/2013 10:00;OTHER OFFENSE
41.80306464;-87.7219777;29;13/12/2013 10:00;SCHOOL
41.76923394;-87.67449014;24;13/12/2013 10:03;OTHER OFFENSE
41.80971257;-87.60026673;29;13/12/2013 10:05;SCHOOL
41.92686176;-87.79274933;33;13/12/2013 10:10;THEFT
41.88193173;-87.62763322;33;13/12/2013 10:13;THEFT
41.83531524;-87.62320272;9;13/12/2013 10:14;CRIMINAL TRESPASS
41.69145344;-87.66858419;24;13/12/2013 10:15;OTHER OFFENSE
41.88350635;-87.749209;18;13/12/2013 10:19;NARCOTICS
41.88350635;-87.749209;18;13/12/2013 10:19;NARCOTICS
41.69429533;-87.53634565;33;13/12/2013 10:20;THEFT
41.74660959;-87.55508029;36;13/12/2013 10:25;WEAPONS VIOLATION
41.87867661;-87.74761894;28;13/12/2013 10:28;ROBBERY
41.77670151;-87.59596474;2;13/12/2013 10:30;ASSAULT
41.88331712;-87.6329391;24;13/12/2013 10:30;OTHER OFFENSE
41.8784795;-87.76298073;33;13/12/2013 10:30;THEFT
41.74727445;-87.57697132;2;13/12/2013 10:30;ASSAULT
41.9241185;-87.74708591;33;13/12/2013 10:30;THEFT
41.88569184;-87.65225941;10;13/12/2013 10:30;DECEPTIVE PRACTICE
41.87966176;-87.72491654;3;13/12/2013 10:30;BATTERY
41.89476952;-87.76191024;18;13/12/2013 10:30;NARCOTICS
41.78742074;-87.6837093;2;13/12/2013 10:35;ASSAULT
41.68828752;-87.62913118;33;13/12/2013 10:35;THEFT
41.72292086;-87.62733552;24;13/12/2013 10:38;OTHER OFFENSE
41.88855068;-87.74874805;18;13/12/2013 10:40;NARCOTICS
41.8838816;-87.67166842;3;13/12/2013 10:40;BATTERY
41.77457768;-87.66179486;9;13/12/2013 10:59;CRIMINAL TRESPASS
41.88379256;-87.63666129;24;13/12/2013 11:00;OTHER OFFENSE
41.79474771;-87.62648914;24;13/12/2013 11:00;OTHER OFFENSE
41.87536985;-87.70857725;18;13/12/2013 11:00;NARCOTICS
41.74972656;-87.69326943;33;13/12/2013 11:00;THEFT
41.81637492;-87.6313395;28;13/12/2013 11:00;ROBBERY
41.9337911;-87.72168274;4;13/12/2013 11:00;BURGLARY
41.65396085;-87.60484212;3;13/12/2013 11:05;BATTERY
41.96126815;-87.7108126;3;13/12/2013 11:10;BATTERY
41.88348008;-87.62773003;33;13/12/2013 11:15;THEFT
41.99863373;-87.6885407;33;13/12/2013 11:20;THEFT
41.74239183;-87.66309036;18;13/12/2013 11:21;NARCOTICS
41.69510353;-87.61085896;10;13/12/2013 11:22;DECEPTIVE PRACTICE
41.78262781;-87.6223031;8;13/12/2013 11:25;CRIMINAL DAMAGE
41.78218208;-87.58665139;29;13/12/2013 11:25;SCHOOL
41.88717372;-87.76141237;3;13/12/2013 11:30;BATTERY
41.8377769;-87.63394598;33;13/12/2013 11:30;THEFT
41.88391558;-87.62804105;10;13/12/2013 11:30;DECEPTIVE PRACTICE
41.76330722;-87.62796693;13;13/12/2013 11:30;INTERFERENCE WITH PUBLIC OFFICER
41.74413729;-87.68413479;33;13/12/2013 11:30;THEFT
41.78136639;-87.65004639;4;13/12/2013 11:35;BURGLARY
41.78136639;-87.65004639;4;13/12/2013 11:35;BURGLARY
41.7590633;-87.61404542;33;13/12/2013 11:36;THEFT
41.94511443;-87.76341277;24;13/12/2013 11:39;OTHER OFFENSE
41.74583274;-87.63535884;29;13/12/2013 11:40;SCHOOL
41.67907763;-87.63004426;8;13/12/2013 11:40;CRIMINAL DAMAGE
41.72635375;-87.54780402;4;13/12/2013 11:43;BURGLARY
41.86449457;-87.63930484;33;13/12/2013 11:45;THEFT
41.87848999;-87.63971891;33;13/12/2013 11:45;THEFT
41.69942567;-87.6521705;4;13/12/2013 11:50;BURGLARY
41.87847282;-87.70793013;29;13/12/2013 11:50;SCHOOL
41.67766777;-87.62971551;18;13/12/2013 11:50;NARCOTICS
41.68329376;-87.62660106;3;13/12/2013 11:52;BATTERY
41.86330453;-87.71030634;18;13/12/2013 11:52;NARCOTICS
41.86637229;-87.69822366;18;13/12/2013 11:54;NARCOTICS
41.71186037;-87.62140978;36;13/12/2013 11:55;WEAPONS VIOLATION
41.84819466;-87.70930051;18;13/12/2013 11:58;NARCOTICS
41.93270844;-87.71833036;10;13/12/2013 12:00;DECEPTIVE PRACTICE
41.88544287;-87.76655081;29;13/12/2013 12:00;SCHOOL
41.87300511;-87.69475434;33;13/12/2013 12:00;THEFT
41.95472296;-87.71127335;24;13/12/2013 12:00;OTHER OFFENSE
41.7946141;-87.67417527;33;13/12/2013 12:00;THEFT
41.79044082;-87.67527044;33;13/12/2013 12:00;THEFT
41.80253961;-87.61512913;3;13/12/2013 12:00;BATTERY
41.86611335;-87.72129296;18;13/12/2013 12:00;NARCOTICS
41.92637569;-87.74361466;33;13/12/2013 12:00;THEFT
41.69712674;-87.70732476;24;13/12/2013 12:00;OTHER OFFENSE
41.88058905;-87.63064444;10;13/12/2013 12:00;DECEPTIVE PRACTICE
41.95794875;-87.67653159;8;13/12/2013 12:01;CRIMINAL DAMAGE
41.75140677;-87.64177039;29;13/12/2013 12:05;SCHOOL
41.96903468;-87.78059276;4;13/12/2013 12:08;BURGLARY
41.70630053;-87.70071708;33;13/12/2013 12:10;THEFT
41.91170037;-87.73528508;29;13/12/2013 12:15;SCHOOL
41.87077351;-87.71267908;33;13/12/2013 12:17;THEFT
41.75140677;-87.64177039;2;13/12/2013 12:20;ASSAULT
41.89447379;-87.72620475;29;13/12/2013 12:20;SCHOOL
41.69048457;-87.65587486;36;13/12/2013 12:26;WEAPONS VIOLATION
41.91072761;-87.65320203;10;13/12/2013 12:30;DECEPTIVE PRACTICE
41.97398561;-87.74908171;4;13/12/2013 12:30;BURGLARY
41.87301066;-87.62770934;29;13/12/2013 12:30;SCHOOL
41.68810938;-87.53749838;29;13/12/2013 12:30;SCHOOL
41.76984822;-87.62195303;28;13/12/2013 12:32;ROBBERY
41.86613527;-87.71974346;18;13/12/2013 12:35;NARCOTICS
41.87779744;-87.73307497;18;13/12/2013 12:38;NARCOTICS
41.85414028;-87.62399659;33;13/12/2013 12:40;THEFT
41.85843763;-87.71411988;18;13/12/2013 12:40;NARCOTICS
41.75819908;-87.62068895;2;13/12/2013 12:40;ASSAULT
41.74976315;-87.54907983;8;13/12/2013 12:42;CRIMINAL DAMAGE
42.01985132;-87.66637078;3;13/12/2013 12:45;BATTERY
41.89857585;-87.72144222;18;13/12/2013 12:45;NARCOTICS
41.89589198;-87.76082037;3;13/12/2013 12:45;BATTERY
41.94867991;-87.68736809;4;13/12/2013 12:45;BURGLARY
41.77633574;-87.76151096;4;13/12/2013 12:45;BURGLARY
41.70586245;-87.65378715;29;13/12/2013 12:50;SCHOOL
41.89464097;-87.77257391;33;13/12/2013 12:56;THEFT
42.01947326;-87.66837302;9;13/12/2013 12:58;CRIMINAL TRESPASS
41.73322395;-87.57577328;33;13/12/2013 13:00;THEFT
41.87925857;-87.72547485;8;13/12/2013 13:00;CRIMINAL DAMAGE
41.74871471;-87.55026892;3;13/12/2013 13:00;BATTERY
41.95278385;-87.7881372;10;13/12/2013 13:00;DECEPTIVE PRACTICE
41.90252555;-87.66732505;33;13/12/2013 13:00;THEFT
41.95278385;-87.7881372;33;13/12/2013 13:00;THEFT
41.7920912;-87.65982623;4;13/12/2013 13:00;BURGLARY
41.8025565;-87.6160752;3;13/12/2013 13:00;BATTERY
41.92514319;-87.67728341;33;13/12/2013 13:00;THEFT
41.88066594;-87.6270743;33;13/12/2013 13:00;THEFT
41.88325953;-87.76344133;33;13/12/2013 13:00;THEFT
41.87707239;-87.73559702;8;13/12/2013 13:00;CRIMINAL DAMAGE
41.92006167;-87.69742331;10;13/12/2013 13:00;DECEPTIVE PRACTICE
41.90939483;-87.68612213;33;13/12/2013 13:00;THEFT
41.69272473;-87.6044232;8;13/12/2013 13:00;CRIMINAL DAMAGE
41.74602091;-87.64197111;4;13/12/2013 13:00;BURGLARY
41.78287456;-87.61432934;33;13/12/2013 13:00;THEFT
41.88037822;-87.74604275;8;13/12/2013 13:00;CRIMINAL DAMAGE
41.97454358;-87.81135172;9;13/12/2013 13:01;CRIMINAL TRESPASS
41.80147697;-87.66128668;18;13/12/2013 13:04;NARCOTICS
41.85746515;-87.63907617;3;13/12/2013 13:05;BATTERY
41.96549938;-87.65830808;18;13/12/2013 13:07;NARCOTICS
41.70801929;-87.64179245;33;13/12/2013 13:08;THEFT
41.75437557;-87.66016204;33;13/12/2013 13:10;THEFT
41.87707838;-87.76156481;18;13/12/2013 13:10;NARCOTICS
41.976608;-87.65972436;33;13/12/2013 13:10;THEFT
41.70586245;-87.65378715;29;13/12/2013 13:13;SCHOOL
41.87947509;-87.63562861;33;13/12/2013 13:15;THEFT
41.87577056;-87.7623549;28;13/12/2013 13:15;ROBBERY
41.95960112;-87.70804928;8;13/12/2013 13:15;CRIMINAL DAMAGE
41.90762291;-87.68578736;7;13/12/2013 13:22;CRIM SEXUAL ASSAULT
41.86546737;-87.73357213;24;13/12/2013 13:27;OTHER OFFENSE
41.69590008;-87.63539368;28;13/12/2013 13:30;ROBBERY
41.77497446;-87.78628753;10;13/12/2013 13:30;DECEPTIVE PRACTICE
41.84560952;-87.68307327;33;13/12/2013 13:30;THEFT
41.81480994;-87.59574789;36;13/12/2013 13:30;WEAPONS VIOLATION
41.94646574;-87.71230936;33;13/12/2013 13:30;THEFT
41.9771964;-87.79104401;4;13/12/2013 13:30;BURGLARY
41.79865909;-87.70752585;3;13/12/2013 13:30;BATTERY
41.90927537;-87.76518648;18;13/12/2013 13:30;NARCOTICS
41.69266628;-87.62536343;33;13/12/2013 13:30;THEFT
41.92824178;-87.65143951;4;13/12/2013 13:30;BURGLARY
41.80923727;-87.61890943;3;13/12/2013 13:35;BATTERY
41.86306941;-87.73472525;18;13/12/2013 13:36;NARCOTICS
41.89806982;-87.62394407;10;13/12/2013 13:40;DECEPTIVE PRACTICE
41.81046111;-87.69534657;33;13/12/2013 13:43;THEFT
41.65367906;-87.59937114;29;13/12/2013 13:45;SCHOOL
41.90984824;-87.73744052;33;13/12/2013 13:45;THEFT
41.81311157;-87.62146351;10;13/12/2013 13:50;DECEPTIVE PRACTICE
41.76098336;-87.55738802;9;13/12/2013 13:50;CRIMINAL TRESPASS
41.77427405;-87.65356409;29;13/12/2013 13:50;SCHOOL
41.8942818;-87.71491238;18;13/12/2013 13:51;NARCOTICS
41.7790908;-87.68742303;3;13/12/2013 13:55;BATTERY
41.90871348;-87.6344874;33;13/12/2013 14:00;THEFT
41.79068233;-87.67192735;29;13/12/2013 14:00;SCHOOL
41.89203193;-87.66975527;8;13/12/2013 14:00;CRIMINAL DAMAGE
41.89203658;-87.71026227;18;13/12/2013 14:00;NARCOTICS
41.65841586;-87.6032586;33;13/12/2013 14:00;THEFT
41.75016318;-87.69037;4;13/12/2013 14:00;BURGLARY
41.92267365;-87.63588941;17;13/12/2013 14:00;MOTOR VEHICLE THEFT
41.8385311;-87.64614322;33;13/12/2013 14:00;THEFT
41.94742269;-87.65448468;33;13/12/2013 14:00;THEFT
41.83385474;-87.62045577;4;13/12/2013 14:00;BURGLARY
41.88550341;-87.70638893;18;13/12/2013 14:00;NARCOTICS
41.75842531;-87.58210719;33;13/12/2013 14:07;THEFT
41.77724935;-87.79790847;8;13/12/2013 14:14;CRIMINAL DAMAGE
41.86677442;-87.66652877;10;13/12/2013 14:20;DECEPTIVE PRACTICE
42.01706457;-87.66471447;33;13/12/2013 14:25;THEFT
41.99673116;-87.76415174;33;13/12/2013 14:30;THEFT
41.76343948;-87.56514378;3;13/12/2013 14:30;BATTERY
41.65501631;-87.60770276;3;13/12/2013 14:30;BATTERY
41.94865299;-87.68843808;33;13/12/2013 14:30;THEFT
41.88550475;-87.62808233;9;13/12/2013 14:30;CRIMINAL TRESPASS
41.88211367;-87.72619692;33;13/12/2013 14:30;THEFT
41.90933146;-87.76045783;22;13/12/2013 14:35;OFFENSE INVOLVING CHILDREN
41.84362861;-87.72316613;3;13/12/2013 14:40;BATTERY
41.711827;-87.64797056;4;13/12/2013 14:40;BURGLARY
42.00268339;-87.66915493;29;13/12/2013 14:41;SCHOOL
41.74208221;-87.65336509;2;13/12/2013 14:45;ASSAULT
41.77930773;-87.66678672;18;13/12/2013 14:45;NARCOTICS
41.70536961;-87.62980541;29;13/12/2013 14:45;SCHOOL
41.74207572;-87.6536583;3;13/12/2013 14:45;BATTERY
41.75207193;-87.64422598;9;13/12/2013 14:45;CRIMINAL TRESPASS
41.893153;-87.71883117;29;13/12/2013 14:50;SCHOOL
41.88208991;-87.73106649;18;13/12/2013 14:55;NARCOTICS
41.75059113;-87.63441677;18;13/12/2013 14:58;NARCOTICS
41.79481951;-87.62167329;10;13/12/2013 14:59;DECEPTIVE PRACTICE
41.80955422;-87.59482514;2;13/12/2013 15:00;ASSAULT
41.76011651;-87.64806906;15;13/12/2013 15:00;KIDNAPPING
41.88455953;-87.62610232;33;13/12/2013 15:00;THEFT
41.7214832;-87.62516442;28;13/12/2013 15:00;ROBBERY
41.86764726;-87.68234334;2;13/12/2013 15:00;ASSAULT
41.73612155;-87.62430383;3;13/12/2013 15:00;BATTERY
41.88403454;-87.65600809;24;13/12/2013 15:00;OTHER OFFENSE
41.86879807;-87.63939046;33;13/12/2013 15:00;THEFT
41.8806152;-87.70626046;33;13/12/2013 15:00;THEFT
41.93964534;-87.76288809;8;13/12/2013 15:00;CRIMINAL DAMAGE
41.73277415;-87.55285128;4;13/12/2013 15:00;BURGLARY
41.76218463;-87.6538933;8;13/12/2013 15:00;CRIMINAL DAMAGE
41.9953017;-87.68843822;3;13/12/2013 15:02;BATTERY
41.82224299;-87.60415947;8;13/12/2013 15:05;CRIMINAL DAMAGE
42.00268339;-87.66915493;29;13/12/2013 15:12;SCHOOL
41.75884479;-87.63557337;24;13/12/2013 15:13;OTHER OFFENSE
41.71627072;-87.64808084;2;13/12/2013 15:15;ASSAULT
41.78765348;-87.64726986;18;13/12/2013 15:15;NARCOTICS
41.96484367;-87.7133149;29;13/12/2013 15:15;SCHOOL
41.76349704;-87.67092005;24;13/12/2013 15:20;OTHER OFFENSE
41.83845474;-87.73183544;3;13/12/2013 15:20;BATTERY
41.82910684;-87.6230622;36;13/12/2013 15:23;WEAPONS VIOLATION
41.74257208;-87.63393578;33;13/12/2013 15:25;THEFT
41.85625457;-87.62374931;33;13/12/2013 15:27;THEFT
41.70949452;-87.65820234;3;13/12/2013 15:27;BATTERY
41.73687172;-87.57586232;36;13/12/2013 15:28;WEAPONS VIOLATION
41.75725618;-87.65255622;4;13/12/2013 15:30;BURGLARY
41.85297826;-87.63094674;33;13/12/2013 15:30;THEFT
41.75045803;-87.64418461;28;13/12/2013 15:30;ROBBERY
41.76545362;-87.65305606;29;13/12/2013 15:30;SCHOOL
41.94860683;-87.75880868;3;13/12/2013 15:30;BATTERY
42.0052601;-87.67104136;8;13/12/2013 15:30;CRIMINAL DAMAGE
41.90720566;-87.67227991;10;13/12/2013 15:30;DECEPTIVE PRACTICE
41.91073079;-87.66826844;33;13/12/2013 15:30;THEFT
41.80542079;-87.66746243;4;13/12/2013 15:30;BURGLARY
41.78008468;-87.63091418;9;13/12/2013 15:30;CRIMINAL TRESPASS
41.7457526;-87.65496803;33;13/12/2013 15:30;THEFT
41.92885524;-87.72704379;33;13/12/2013 15:30;THEFT
41.77992317;-87.58659694;27;13/12/2013 15:40;PUBLIC PEACE VIOLATION
41.89428029;-87.62044166;8;13/12/2013 15:40;CRIMINAL DAMAGE
41.86776276;-87.6804514;3;13/12/2013 15:40;BATTERY
41.85509231;-87.71258111;3;13/12/2013 15:41;BATTERY
41.77361845;-87.68106975;16;13/12/2013 15:44;LIQUOR LAW VIOLATION
41.80742031;-87.68163297;5;13/12/2013 15:45;BUS
41.85194864;-87.61884911;33;13/12/2013 15:45;THEFT
41.90785473;-87.75111783;3;13/12/2013 15:45;BATTERY
41.7112326;-87.64037726;29;13/12/2013 15:45;SCHOOL
41.97825093;-87.66004907;33;13/12/2013 15:45;THEFT
41.68578422;-87.63264743;29;13/12/2013 15:46;SCHOOL
41.76421693;-87.69532105;28;13/12/2013 15:50;ROBBERY
41.69213215;-87.65186301;3;13/12/2013 15:53;BATTERY
41.87389178;-87.69777103;18;13/12/2013 15:58;NARCOTICS
41.80178981;-87.63055981;22;13/12/2013 16:00;OFFENSE INVOLVING CHILDREN
41.90228995;-87.76215176;33;13/12/2013 16:00;THEFT
41.8918647;-87.62299171;33;13/12/2013 16:00;THEFT
41.90652442;-87.77051189;4;13/12/2013 16:00;BURGLARY
41.79997015;-87.72321006;3;13/12/2013 16:00;BATTERY
41.76737629;-87.61764388;8;13/12/2013 16:00;CRIMINAL DAMAGE
41.65681225;-87.60527839;33;13/12/2013 16:00;THEFT
41.97235525;-87.67499354;33;13/12/2013 16:00;THEFT
41.80089672;-87.65640755;33;13/12/2013 16:00;THEFT
41.73272166;-87.57576087;4;13/12/2013 16:00;BURGLARY
41.91795046;-87.65646157;8;13/12/2013 16:00;CRIMINAL DAMAGE
41.92473065;-87.64616336;33;13/12/2013 16:00;THEFT
41.78652532;-87.62240304;33;13/12/2013 16:00;THEFT
41.76055649;-87.61015823;24;13/12/2013 16:00;OTHER OFFENSE
41.75986893;-87.60557709;8;13/12/2013 16:00;CRIMINAL DAMAGE
41.92423694;-87.75474643;3;13/12/2013 16:07;BATTERY
41.86807393;-87.62729002;27;13/12/2013 16:10;PUBLIC PEACE VIOLATION
41.86514592;-87.65647916;3;13/12/2013 16:15;BATTERY
41.88150899;-87.6244945;33;13/12/2013 16:15;THEFT
41.86465363;-87.65676337;28;13/12/2013 16:15;ROBBERY
41.80893927;-87.6064048;9;13/12/2013 16:19;CRIMINAL TRESPASS
41.8805162;-87.6522593;33;13/12/2013 16:20;THEFT
41.80118884;-87.70392167;33;13/12/2013 16:20;THEFT
41.88498673;-87.71587238;28;13/12/2013 16:28;ROBBERY
41.85177172;-87.71512015;3;13/12/2013 16:30;BATTERY
41.85760882;-87.71258614;17;13/12/2013 16:30;MOTOR VEHICLE THEFT
41.72783869;-87.55106101;33;13/12/2013 16:30;THEFT
41.80504641;-87.65043671;33;13/12/2013 16:30;THEFT
41.92983321;-87.64634012;33;13/12/2013 16:30;THEFT
41.96066409;-87.76139174;2;13/12/2013 16:30;ASSAULT
41.74953758;-87.70829267;3;13/12/2013 16:30;BATTERY
41.74067003;-87.70867181;8;13/12/2013 16:30;CRIMINAL DAMAGE
41.99701022;-87.69215864;28;13/12/2013 16:30;ROBBERY
41.71466556;-87.56687858;3;13/12/2013 16:34;BATTERY
41.6738324;-87.63441324;33;13/12/2013 16:40;THEFT
41.79086103;-87.62413729;28;13/12/2013 16:45;ROBBERY
41.83644751;-87.66556665;33;13/12/2013 16:45;THEFT
41.75070195;-87.64734098;28;13/12/2013 16:45;ROBBERY
41.86922345;-87.68689098;17;13/12/2013 17:00;MOTOR VEHICLE THEFT
41.88255733;-87.75255204;8;13/12/2013 17:00;CRIMINAL DAMAGE
41.75100425;-87.62792207;33;13/12/2013 17:00;THEFT
41.97036592;-87.65013729;3;13/12/2013 17:00;BATTERY
41.80885623;-87.60153829;3;13/12/2013 17:00;BATTERY
41.79844563;-87.72345557;3;13/12/2013 17:00;BATTERY
41.66257381;-87.63646;24;13/12/2013 17:00;OTHER OFFENSE
41.94962961;-87.70071002;2;13/12/2013 17:00;ASSAULT
41.81475997;-87.74227358;5;13/12/2013 17:00;BUS
41.74538843;-87.60273584;4;13/12/2013 17:00;BURGLARY
41.8977653;-87.62395846;33;13/12/2013 17:00;THEFT
41.70727785;-87.5354309;22;13/12/2013 17:00;OFFENSE INVOLVING CHILDREN
41.94599661;-87.74838895;10;13/12/2013 17:00;DECEPTIVE PRACTICE
41.88118026;-87.63714869;33;13/12/2013 17:00;THEFT
41.95802551;-87.67603814;33;13/12/2013 17:00;THEFT
41.94001731;-87.65423244;33;13/12/2013 17:00;THEFT
41.8697371;-87.7251612;28;13/12/2013 17:00;ROBBERY
41.89649389;-87.69440286;8;13/12/2013 17:00;CRIMINAL DAMAGE
41.86724506;-87.62727344;33;13/12/2013 17:00;THEFT
41.73889878;-87.645063;29;13/12/2013 17:00;SCHOOL
41.88254868;-87.62799733;33;13/12/2013 17:05;THEFT
41.80427665;-87.70401249;2;13/12/2013 17:12;ASSAULT
41.7930037;-87.75203735;34;13/12/2013 17:25;THEFT BY LESSEE
41.88348008;-87.62773003;33;13/12/2013 17:30;THEFT
41.83315565;-87.67290298;17;13/12/2013 17:30;MOTOR VEHICLE THEFT
41.88561391;-87.63111821;33;13/12/2013 17:30;THEFT
41.87861697;-87.676724;8;13/12/2013 17:30;CRIMINAL DAMAGE
41.94545588;-87.65694263;33;13/12/2013 17:30;THEFT
41.77684804;-87.6931868;4;13/12/2013 17:30;BURGLARY
41.91026925;-87.78160334;3;13/12/2013 17:35;BATTERY
41.73728317;-87.66660591;8;13/12/2013 17:35;CRIMINAL DAMAGE
41.67792492;-87.64178894;33;13/12/2013 17:38;THEFT
41.76485908;-87.65183073;28;13/12/2013 17:40;ROBBERY
41.94593385;-87.67019643;33;13/12/2013 17:40;THEFT
41.86807393;-87.62729002;9;13/12/2013 17:40;CRIMINAL TRESPASS
41.90545706;-87.64099202;33;13/12/2013 17:41;THEFT
41.72141129;-87.65602631;33;13/12/2013 17:45;THEFT
41.78750253;-87.64726781;2;13/12/2013 17:45;ASSAULT
41.95221975;-87.71270569;33;13/12/2013 17:51;THEFT
41.86612705;-87.72026119;9;13/12/2013 17:53;CRIMINAL TRESPASS
41.92725389;-87.722109;33;13/12/2013 17:56;THEFT
41.89892599;-87.72484758;24;13/12/2013 18:00;OTHER OFFENSE
41.90353783;-87.68841841;33;13/12/2013 18:00;THEFT
41.79830633;-87.74623158;8;13/12/2013 18:00;CRIMINAL DAMAGE
41.87176042;-87.70642779;8;13/12/2013 18:00;CRIMINAL DAMAGE
41.73534241;-87.5540036;31;13/12/2013 18:00;SEX OFFENSE
41.81684213;-87.61152466;17;13/12/2013 18:00;MOTOR VEHICLE THEFT
42.00225242;-87.68013051;9;13/12/2013 18:00;CRIMINAL TRESPASS
41.8021288;-87.62143471;9;13/12/2013 18:00;CRIMINAL TRESPASS
41.783173;-87.76451913;4;13/12/2013 18:00;BURGLARY
41.90747164;-87.76447876;3;13/12/2013 18:00;BATTERY
41.93299965;-87.64033775;33;13/12/2013 18:00;THEFT
41.70782577;-87.58085445;24;13/12/2013 18:00;OTHER OFFENSE
41.80357312;-87.74045085;17;13/12/2013 18:00;MOTOR VEHICLE THEFT
41.80766582;-87.63469173;33;13/12/2013 18:00;THEFT
41.73633524;-87.61628491;17;13/12/2013 18:00;MOTOR VEHICLE THEFT
41.99572109;-87.6952286;33;13/12/2013 18:00;THEFT
41.87635297;-87.62589539;29;13/12/2013 18:00;SCHOOL
41.80932315;-87.61332572;3;13/12/2013 18:00;BATTERY
41.7772823;-87.76091596;3;13/12/2013 18:00;BATTERY
41.93905325;-87.82867712;8;13/12/2013 18:00;CRIMINAL DAMAGE
41.93377846;-87.73701569;4;13/12/2013 18:00;BURGLARY
41.88201527;-87.63954124;17;13/12/2013 18:00;MOTOR VEHICLE THEFT
41.8512489;-87.6820912;33;13/12/2013 18:00;THEFT
41.85654807;-87.6449189;33;13/12/2013 18:00;THEFT
42.0175562;-87.67571249;33;13/12/2013 18:00;THEFT
41.87301469;-87.6940089;18;13/12/2013 18:01;NARCOTICS
41.87301469;-87.6940089;18;13/12/2013 18:01;NARCOTICS
41.88738049;-87.76050342;18;13/12/2013 18:02;NARCOTICS
41.97249962;-87.66389368;33;13/12/2013 18:05;THEFT
41.91316138;-87.73024542;31;13/12/2013 18:10;SEX OFFENSE
41.69407198;-87.62146318;3;13/12/2013 18:10;BATTERY
41.96127481;-87.74218627;28;13/12/2013 18:10;ROBBERY
41.80439187;-87.72333683;3;13/12/2013 18:10;BATTERY
41.88666482;-87.67654612;17;13/12/2013 18:15;MOTOR VEHICLE THEFT
41.69616079;-87.59584555;33;13/12/2013 18:16;THEFT
41.79904351;-87.74121876;28;13/12/2013 18:20;ROBBERY
41.78943254;-87.61770662;3;13/12/2013 18:24;BATTERY
41.89660263;-87.62543687;33;13/12/2013 18:25;THEFT
41.83091047;-87.63165038;3;13/12/2013 18:26;BATTERY
41.94637294;-87.80567073;33;13/12/2013 18:30;THEFT
41.73673274;-87.60660777;33;13/12/2013 18:30;THEFT
41.90272246;-87.67100374;33;13/12/2013 18:30;THEFT
41.75208677;-87.66202934;4;13/12/2013 18:30;BURGLARY
41.85241989;-87.66617135;33;13/12/2013 18:35;THEFT
41.88332274;-87.62981761;33;13/12/2013 18:40;THEFT
41.78290993;-87.66566046;27;13/12/2013 18:45;PUBLIC PEACE VIOLATION
41.9263803;-87.71171413;17;13/12/2013 18:45;MOTOR VEHICLE THEFT
41.81122068;-87.68787066;24;13/12/2013 18:45;OTHER OFFENSE
41.68473794;-87.65961075;3;13/12/2013 18:47;BATTERY
41.94655181;-87.68810637;3;13/12/2013 18:50;BATTERY
41.9924793;-87.78249042;3;13/12/2013 19:00;BATTERY
41.98431171;-87.69540507;33;13/12/2013 19:00;THEFT
41.84165334;-87.64053892;8;13/12/2013 19:00;CRIMINAL DAMAGE
41.92172029;-87.71216355;3;13/12/2013 19:00;BATTERY
41.7605372;-87.61408027;2;13/12/2013 19:00;ASSAULT
41.92343414;-87.64641612;33;13/12/2013 19:00;THEFT
41.89107992;-87.62789981;33;13/12/2013 19:00;THEFT
41.70125916;-87.52711594;8;13/12/2013 19:00;CRIMINAL DAMAGE
41.88178629;-87.7056284;2;13/12/2013 19:00;ASSAULT
41.74984467;-87.55785566;28;13/12/2013 19:00;ROBBERY
41.96252663;-87.73223256;8;13/12/2013 19:00;CRIMINAL DAMAGE
41.84734866;-87.72449611;3;13/12/2013 19:00;BATTERY
41.77970154;-87.70300993;33;13/12/2013 19:00;THEFT
41.73447807;-87.57701889;33;13/12/2013 19:00;THEFT
41.74146849;-87.54646928;2;13/12/2013 19:00;ASSAULT
41.91304659;-87.68744094;17;13/12/2013 19:00;MOTOR VEHICLE THEFT
41.99526866;-87.68598118;33;13/12/2013 19:00;THEFT
41.75983038;-87.60772535;24;13/12/2013 19:01;OTHER OFFENSE
41.78923439;-87.66216995;27;13/12/2013 19:05;PUBLIC PEACE VIOLATION
41.77912145;-87.68555657;8;13/12/2013 19:08;CRIMINAL DAMAGE
41.80370913;-87.58384144;17;13/12/2013 19:10;MOTOR VEHICLE THEFT
41.74257208;-87.63393578;33;13/12/2013 19:10;THEFT
41.88145778;-87.67441817;24;13/12/2013 19:12;OTHER OFFENSE
41.86416056;-87.70423324;24;13/12/2013 19:14;OTHER OFFENSE
41.86661456;-87.69638193;28;13/12/2013 19:15;ROBBERY
41.9102951;-87.63871341;10;13/12/2013 19:15;DECEPTIVE PRACTICE
41.88110458;-87.72582824;24;13/12/2013 19:15;OTHER OFFENSE
41.75633754;-87.63619793;4;13/12/2013 19:15;BURGLARY
41.7892838;-87.6621731;18;13/12/2013 19:15;NARCOTICS
41.87869657;-87.62947178;27;13/12/2013 19:15;PUBLIC PEACE VIOLATION
41.94574867;-87.76847613;3;13/12/2013 19:20;BATTERY
41.89676049;-87.62834785;10;13/12/2013 19:20;DECEPTIVE PRACTICE
41.88580115;-87.62808642;10;13/12/2013 19:20;DECEPTIVE PRACTICE
41.8286356;-87.62185659;3;13/12/2013 19:20;BATTERY
41.69277141;-87.60140567;33;13/12/2013 19:20;THEFT
41.79701802;-87.77234387;18;13/12/2013 19:25;NARCOTICS
41.94545937;-87.74689779;28;13/12/2013 19:25;ROBBERY
41.75555656;-87.56494826;18;13/12/2013 19:25;NARCOTICS
42.0197245;-87.66721485;33;13/12/2013 19:30;THEFT
41.89949549;-87.67390953;17;13/12/2013 19:30;MOTOR VEHICLE THEFT
41.84025534;-87.63400706;3;13/12/2013 19:30;BATTERY
41.88198269;-87.62565702;33;13/12/2013 19:30;THEFT
41.7538691;-87.59812454;18;13/12/2013 19:30;NARCOTICS
41.87736768;-87.63385228;10;13/12/2013 19:30;DECEPTIVE PRACTICE
41.80848527;-87.66024876;7;13/12/2013 19:30;CRIM SEXUAL ASSAULT
41.9675147;-87.71348388;10;13/12/2013 19:30;DECEPTIVE PRACTICE
41.70820556;-87.60790698;18;13/12/2013 19:40;NARCOTICS
41.68436853;-87.68557432;2;13/12/2013 19:40;ASSAULT
41.76850179;-87.62478318;18;13/12/2013 19:45;NARCOTICS
41.85967146;-87.73461744;13;13/12/2013 19:49;INTERFERENCE WITH PUBLIC OFFICER
41.98549246;-87.65998013;9;13/12/2013 19:50;CRIMINAL TRESPASS
41.92868893;-87.71235687;33;13/12/2013 19:50;THEFT
41.88446594;-87.73464675;3;13/12/2013 19:50;BATTERY
41.9450591;-87.81667229;10;13/12/2013 19:52;DECEPTIVE PRACTICE
41.89574182;-87.77434568;2;13/12/2013 19:55;ASSAULT
41.93294398;-87.69412741;33;13/12/2013 20:00;THEFT
41.86360084;-87.71792845;18;13/12/2013 20:00;NARCOTICS
41.78322028;-87.70461442;4;13/12/2013 20:00;BURGLARY
41.88866308;-87.72236683;18;13/12/2013 20:00;NARCOTICS
41.76736289;-87.56664755;8;13/12/2013 20:00;CRIMINAL DAMAGE
41.81336247;-87.69054168;8;13/12/2013 20:00;CRIMINAL DAMAGE
41.89858593;-87.77175334;8;13/12/2013 20:00;CRIMINAL DAMAGE
41.86861603;-87.66420764;17;13/12/2013 20:00;MOTOR VEHICLE THEFT
41.90744804;-87.67482325;8;13/12/2013 20:00;CRIMINAL DAMAGE
41.84823179;-87.71260707;4;13/12/2013 20:00;BURGLARY
41.79398455;-87.67829995;3;13/12/2013 20:00;BATTERY
41.88124055;-87.67434329;33;13/12/2013 20:00;THEFT
41.77990652;-87.64180523;10;13/12/2013 20:09;DECEPTIVE PRACTICE
41.75100792;-87.60779906;18;13/12/2013 20:10;NARCOTICS
41.69139192;-87.65616557;18;13/12/2013 20:13;NARCOTICS
41.92482127;-87.6877852;28;13/12/2013 20:15;ROBBERY
41.88585079;-87.63171055;33;13/12/2013 20:18;THEFT
41.91078722;-87.74605065;9;13/12/2013 20:20;CRIMINAL TRESPASS
41.67788475;-87.64469586;18;13/12/2013 20:20;NARCOTICS
41.77107991;-87.58641724;3;13/12/2013 20:20;BATTERY
41.70782577;-87.58085445;17;13/12/2013 20:25;MOTOR VEHICLE THEFT
41.97154981;-87.74552591;4;13/12/2013 20:26;BURGLARY
41.934279;-87.67925893;8;13/12/2013 20:30;CRIMINAL DAMAGE
41.75064344;-87.55544567;8;13/12/2013 20:30;CRIMINAL DAMAGE
41.88240497;-87.76101423;8;13/12/2013 20:30;CRIMINAL DAMAGE
41.76938645;-87.61873959;8;13/12/2013 20:30;CRIMINAL DAMAGE
41.80118884;-87.70392167;33;13/12/2013 20:30;THEFT
41.95997878;-87.76707834;10;13/12/2013 20:30;DECEPTIVE PRACTICE
41.80080551;-87.69414037;10;13/12/2013 20:30;DECEPTIVE PRACTICE
41.86680341;-87.62596397;3;13/12/2013 20:45;BATTERY
41.77325643;-87.5835142;18;13/12/2013 20:50;NARCOTICS
41.90612645;-87.77050069;17;13/12/2013 20:55;MOTOR VEHICLE THEFT
41.95354082;-87.74684577;33;13/12/2013 20:55;THEFT
41.77215736;-87.69306481;18;13/12/2013 20:55;NARCOTICS
41.85731889;-87.715309;36;13/12/2013 20:59;WEAPONS VIOLATION
41.82866988;-87.61458029;3;13/12/2013 20:59;BATTERY
41.86637579;-87.71802299;33;13/12/2013 21:00;THEFT
41.87991887;-87.72579173;18;13/12/2013 21:00;NARCOTICS
41.93616511;-87.6369369;33;13/12/2013 21:00;THEFT
41.84189347;-87.61705263;4;13/12/2013 21:00;BURGLARY
41.7512732;-87.6163972;3;13/12/2013 21:00;BATTERY
41.88124055;-87.67434329;33;13/12/2013 21:00;THEFT
41.89493902;-87.67372868;4;13/12/2013 21:00;BURGLARY
41.90271423;-87.70770464;24;13/12/2013 21:00;OTHER OFFENSE
41.84376724;-87.65168396;17;13/12/2013 21:00;MOTOR VEHICLE THEFT
41.75253956;-87.66485019;8;13/12/2013 21:00;CRIMINAL DAMAGE
41.8802815;-87.69549711;4;13/12/2013 21:05;BURGLARY
41.77274311;-87.58644194;9;13/12/2013 21:10;CRIMINAL TRESPASS
41.87952667;-87.76164948;13;13/12/2013 21:10;INTERFERENCE WITH PUBLIC OFFICER
41.86431894;-87.70911804;18;13/12/2013 21:15;NARCOTICS
41.75855876;-87.61279757;18;13/12/2013 21:16;NARCOTICS
41.84155294;-87.63891058;3;13/12/2013 21:19;BATTERY
41.93561801;-87.72723333;18;13/12/2013 21:20;NARCOTICS
41.9094871;-87.76582751;36;13/12/2013 21:25;WEAPONS VIOLATION
41.87094536;-87.69694474;3;13/12/2013 21:30;BATTERY
41.88333763;-87.77317953;2;13/12/2013 21:30;ASSAULT
41.87536297;-87.7267455;9;13/12/2013 21:30;CRIMINAL TRESPASS
41.7026351;-87.53789787;8;13/12/2013 21:30;CRIMINAL DAMAGE
41.74510109;-87.58833075;24;13/12/2013 21:30;OTHER OFFENSE
41.75973481;-87.6334599;33;13/12/2013 21:30;THEFT
41.8099414;-87.62137756;18;13/12/2013 21:35;NARCOTICS
41.91844411;-87.63803715;28;13/12/2013 21:35;ROBBERY
41.71403297;-87.64284875;18;13/12/2013 21:35;NARCOTICS
41.88039733;-87.76179595;18;13/12/2013 21:37;NARCOTICS
41.78884974;-87.70327967;27;13/12/2013 21:40;PUBLIC PEACE VIOLATION
41.71676015;-87.53513415;3;13/12/2013 21:40;BATTERY
41.90976604;-87.74331201;33;13/12/2013 21:50;THEFT
41.86840459;-87.69949955;3;13/12/2013 21:58;BATTERY
41.88942385;-87.74938647;18;13/12/2013 22:00;NARCOTICS
41.90724726;-87.67762096;33;13/12/2013 22:00;THEFT
41.90451601;-87.62884662;33;13/12/2013 22:00;THEFT
41.95329137;-87.76712651;10;13/12/2013 22:00;DECEPTIVE PRACTICE
41.93581362;-87.67888307;8;13/12/2013 22:00;CRIMINAL DAMAGE
41.78586544;-87.66422911;17;13/12/2013 22:00;MOTOR VEHICLE THEFT
41.8645055;-87.73383443;4;13/12/2013 22:00;BURGLARY
41.87297791;-87.69726972;33;13/12/2013 22:00;THEFT
41.89984302;-87.63656399;33;13/12/2013 22:00;THEFT
41.90508625;-87.67883697;28;13/12/2013 22:00;ROBBERY
41.95574737;-87.6875651;3;13/12/2013 22:00;BATTERY
41.76548379;-87.68923835;8;13/12/2013 22:00;CRIMINAL DAMAGE
41.76289731;-87.64133912;17;13/12/2013 22:00;MOTOR VEHICLE THEFT
41.92218332;-87.63558241;8;13/12/2013 22:00;CRIMINAL DAMAGE
41.98462153;-87.78054256;33;13/12/2013 22:00;THEFT
41.9434859;-87.6509757;3;13/12/2013 22:06;BATTERY
41.93040284;-87.79530294;3;13/12/2013 22:10;BATTERY
41.67649758;-87.63088131;18;13/12/2013 22:10;NARCOTICS
41.88966286;-87.74728354;18;13/12/2013 22:12;NARCOTICS
41.85046583;-87.7065807;27;13/12/2013 22:14;PUBLIC PEACE VIOLATION
41.93168819;-87.74301814;3;13/12/2013 22:15;BATTERY
41.92014925;-87.71598546;8;13/12/2013 22:15;CRIMINAL DAMAGE
41.81443944;-87.6652634;16;13/12/2013 22:15;LIQUOR LAW VIOLATION
41.8665738;-87.62566545;2;13/12/2013 22:17;ASSAULT
41.8785486;-87.63942819;10;13/12/2013 22:30;DECEPTIVE PRACTICE
41.98319954;-87.65645501;31;13/12/2013 22:30;SEX OFFENSE
41.93271785;-87.71752542;2;13/12/2013 22:30;ASSAULT
41.91938291;-87.69182668;33;13/12/2013 22:30;THEFT
42.02150906;-87.6654702;33;13/12/2013 22:30;THEFT
41.8935499;-87.76222596;18;13/12/2013 22:30;NARCOTICS
41.97228183;-87.69651802;17;13/12/2013 22:30;MOTOR VEHICLE THEFT
41.94451335;-87.64244427;3;13/12/2013 22:32;BATTERY
41.85495292;-87.72499662;18;13/12/2013 22:35;NARCOTICS
41.90499601;-87.76275214;2;13/12/2013 22:40;ASSAULT
41.88314386;-87.72588604;3;13/12/2013 22:40;BATTERY
41.87893381;-87.7294584;18;13/12/2013 22:40;NARCOTICS
41.684319;-87.65930394;24;13/12/2013 22:45;OTHER OFFENSE
41.97089385;-87.72703877;3;13/12/2013 22:45;BATTERY
41.79152193;-87.66102764;18;13/12/2013 22:45;NARCOTICS
41.77385892;-87.686713;18;13/12/2013 22:50;NARCOTICS
41.96227527;-87.7324445;8;13/12/2013 23:00;CRIMINAL DAMAGE
41.73991742;-87.64240299;17;13/12/2013 23:00;MOTOR VEHICLE THEFT
41.75330485;-87.6503221;2;13/12/2013 23:00;ASSAULT
41.95224933;-87.71056583;33;13/12/2013 23:00;THEFT
41.75477731;-87.56250938;3;13/12/2013 23:00;BATTERY
41.97361967;-87.6550818;2;13/12/2013 23:00;ASSAULT
41.93306022;-87.63946241;3;13/12/2013 23:00;BATTERY
41.96697576;-87.6667608;18;13/12/2013 23:05;NARCOTICS
41.8800809;-87.76828002;18;13/12/2013 23:08;NARCOTICS
41.72537911;-87.6820561;18;13/12/2013 23:15;NARCOTICS
41.89460355;-87.64052526;33;13/12/2013 23:15;THEFT
41.97959392;-87.69284828;3;13/12/2013 23:15;BATTERY
41.76573629;-87.68924316;8;13/12/2013 23:20;CRIMINAL DAMAGE
41.91498535;-87.69801013;3;13/12/2013 23:29;BATTERY
41.85511024;-87.65648955;8;13/12/2013 23:30;CRIMINAL DAMAGE
41.90327519;-87.62922393;33;13/12/2013 23:30;THEFT
41.79116993;-87.6050838;33;13/12/2013 23:30;THEFT
41.88289799;-87.70668615;18;13/12/2013 23:30;NARCOTICS
41.88246043;-87.6688775;33;13/12/2013 23:30;THEFT
41.68666533;-87.615775;3;13/12/2013 23:30;BATTERY
41.78245821;-87.76205055;33;13/12/2013 23:30;THEFT
41.97620016;-87.90530873;33;13/12/2013 23:30;THEFT
41.88830376;-87.62940672;3;13/12/2013 23:30;BATTERY
41.65716629;-87.60528172;28;13/12/2013 23:30;ROBBERY
41.76112386;-87.68547004;8;13/12/2013 23:30;CRIMINAL DAMAGE
41.78642462;-87.64967001;3;13/12/2013 23:30;BATTERY
41.8774435;-87.75610505;18;13/12/2013 23:45;NARCOTICS
41.90030218;-87.72977872;8;13/12/2013 23:45;CRIMINAL DAMAGE
41.8747155;-87.70784926;18;13/12/2013 23:45;NARCOTICS
41.75872153;-87.60770118;33;13/12/2013 23:45;THEFT
41.8477153;-87.71351861;36;13/12/2013 23:48;WEAPONS VIOLATION
41.74715692;-87.55162172;27;13/12/2013 23:50;PUBLIC PEACE VIOLATION
41.88293532;-87.76836136;18;13/12/2013 23:50;NARCOTICS
41.87666268;-87.76350728;3;13/12/2013 23:50;BATTERY
41.85686582;-87.65869552;3;13/12/2013 23:50;BATTERY
41.7697717;-87.6616727;3;13/12/2013 23:55;BATTERY
41.89097906;-87.61560836;4;13/12/2013 23:55;BURGLARY
41.73382441;-87.55840744;8;13/12/2013 23:59;CRIMINAL DAMAGE
41.89939222;-87.69447682;33;14/12/2013 00:00;THEFT
41.96252663;-87.73223256;8;14/12/2013 00:00;CRIMINAL DAMAGE
41.97946046;-87.7140374;33;14/12/2013 00:00;THEFT
41.8723952;-87.66332374;17;14/12/2013 00:00;MOTOR VEHICLE THEFT
41.88703109;-87.64765825;33;14/12/2013 00:00;THEFT
41.85310967;-87.72464703;28;14/12/2013 00:00;ROBBERY
41.91116975;-87.64450864;8;14/12/2013 00:00;CRIMINAL DAMAGE
41.70445558;-87.67564992;33;14/12/2013 00:01;THEFT
41.90769004;-87.6286758;33;14/12/2013 00:01;THEFT
41.76186104;-87.64015169;3;14/12/2013 00:01;BATTERY
41.8387086;-87.64006059;33;14/12/2013 00:01;THEFT
41.90934483;-87.77713297;18;14/12/2013 00:01;NARCOTICS
41.9716988;-87.75541294;8;14/12/2013 00:01;CRIMINAL DAMAGE
41.89276718;-87.66216329;33;14/12/2013 00:01;THEFT
41.90715959;-87.64803803;8;14/12/2013 00:04;CRIMINAL DAMAGE
41.91040943;-87.68891502;28;14/12/2013 00:14;ROBBERY
41.88124055;-87.67434329;3;14/12/2013 00:15;BATTERY
41.91715413;-87.71832541;18;14/12/2013 00:15;NARCOTICS
41.87446371;-87.64374264;3;14/12/2013 00:15;BATTERY
41.690455;-87.53422192;33;14/12/2013 00:20;THEFT
41.75724263;-87.63656197;3;14/12/2013 00:23;BATTERY
41.91738061;-87.67073829;28;14/12/2013 00:25;ROBBERY
41.89075211;-87.76637166;36;14/12/2013 00:25;WEAPONS VIOLATION
41.88048973;-87.75449128;18;14/12/2013 00:25;NARCOTICS
41.89324556;-87.63786978;16;14/12/2013 00:30;LIQUOR LAW VIOLATION
41.73171897;-87.55143891;3;14/12/2013 00:30;BATTERY
41.88246043;-87.6688775;10;14/12/2013 00:30;DECEPTIVE PRACTICE
41.92413269;-87.74610466;3;14/12/2013 00:35;BATTERY
41.79428364;-87.65512028;28;14/12/2013 00:40;ROBBERY
41.88083338;-87.72591894;2;14/12/2013 00:45;ASSAULT
41.91001513;-87.72478637;18;14/12/2013 00:45;NARCOTICS
41.8805142;-87.68656421;8;14/12/2013 00:48;CRIMINAL DAMAGE
41.89501711;-87.75818366;24;14/12/2013 00:48;OTHER OFFENSE
41.8902886;-87.75161158;3;14/12/2013 00:50;BATTERY
41.69245818;-87.53065291;4;14/12/2013 00:50;BURGLARY
41.9097586;-87.67672457;3;14/12/2013 00:55;BATTERY
41.77790566;-87.654182;8;14/12/2013 01:00;CRIMINAL DAMAGE
41.9291933;-87.64901129;33;14/12/2013 01:00;THEFT
41.93157799;-87.71733793;5;14/12/2013 01:00;BUS
41.82259321;-87.69478956;3;14/12/2013 01:00;BATTERY
41.90278027;-87.66534979;33;14/12/2013 01:00;THEFT
41.89164064;-87.64569178;33;14/12/2013 01:00;THEFT
41.86559127;-87.62565059;3;14/12/2013 01:00;BATTERY
41.77322073;-87.6074388;12;14/12/2013 01:09;HOMICIDE
41.77688607;-87.67037534;3;14/12/2013 01:13;BATTERY
41.75047538;-87.64296042;3;14/12/2013 01:20;BATTERY
41.88617998;-87.76521854;12;14/12/2013 01:25;HOMICIDE
41.91198657;-87.71675849;8;14/12/2013 01:30;CRIMINAL DAMAGE
41.94244526;-87.64949447;3;14/12/2013 01:30;BATTERY
41.89194787;-87.62401549;3;14/12/2013 01:38;BATTERY
41.75196529;-87.55693593;18;14/12/2013 01:40;NARCOTICS
41.76999001;-87.66381125;33;14/12/2013 01:43;THEFT
41.92805882;-87.71816188;17;14/12/2013 01:45;MOTOR VEHICLE THEFT
41.70261447;-87.66713262;3;14/12/2013 01:50;BATTERY
41.7641187;-87.56084709;3;14/12/2013 01:50;BATTERY
41.89328174;-87.63523963;33;14/12/2013 02:00;THEFT
41.88703109;-87.64765825;33;14/12/2013 02:00;THEFT
41.84904805;-87.7334943;8;14/12/2013 02:00;CRIMINAL DAMAGE
41.89245491;-87.76332287;3;14/12/2013 02:00;BATTERY
41.89328174;-87.63523963;33;14/12/2013 02:00;THEFT
41.65474346;-87.59502284;2;14/12/2013 02:00;ASSAULT
41.7055659;-87.60104451;8;14/12/2013 02:00;CRIMINAL DAMAGE
41.77501238;-87.60911966;18;14/12/2013 02:08;NARCOTICS
41.65353695;-87.61642457;36;14/12/2013 02:13;WEAPONS VIOLATION
41.75026004;-87.65751517;3;14/12/2013 02:15;BATTERY
41.84604262;-87.7137623;4;14/12/2013 02:16;BURGLARY
41.75321017;-87.57860945;3;14/12/2013 02:30;BATTERY
41.79559024;-87.61939474;8;14/12/2013 02:30;CRIMINAL DAMAGE
41.90887634;-87.64646935;2;14/12/2013 02:31;ASSAULT
41.75368928;-87.57344004;24;14/12/2013 02:44;OTHER OFFENSE
41.73313915;-87.64977373;36;14/12/2013 02:45;WEAPONS VIOLATION
41.84264557;-87.72099185;18;14/12/2013 02:49;NARCOTICS
41.92869557;-87.71206281;28;14/12/2013 02:50;ROBBERY
41.76858547;-87.65408603;36;14/12/2013 02:55;WEAPONS VIOLATION
41.83251646;-87.68159128;8;14/12/2013 02:55;CRIMINAL DAMAGE
41.88583944;-87.62583481;4;14/12/2013 02:56;BURGLARY
41.7599133;-87.69275404;33;14/12/2013 03:00;THEFT
41.71532183;-87.60317901;24;14/12/2013 03:00;OTHER OFFENSE
41.88331782;-87.61615681;3;14/12/2013 03:00;BATTERY
41.90800858;-87.67399091;33;14/12/2013 03:00;THEFT
41.88993726;-87.62906927;33;14/12/2013 03:00;THEFT
41.85101751;-87.70659733;7;14/12/2013 03:00;CRIM SEXUAL ASSAULT
41.74687665;-87.60156832;28;14/12/2013 03:04;ROBBERY
41.76233283;-87.66089259;24;14/12/2013 03:06;OTHER OFFENSE
41.87938696;-87.62704799;33;14/12/2013 03:16;THEFT
41.87358248;-87.70540026;13;14/12/2013 03:20;INTERFERENCE WITH PUBLIC OFFICER
41.77063271;-87.65362087;3;14/12/2013 03:23;BATTERY
41.89093466;-87.63016747;3;14/12/2013 03:30;BATTERY
41.90319816;-87.66974251;33;14/12/2013 03:30;THEFT
41.8623798;-87.7215525;3;14/12/2013 03:30;BATTERY
41.79863199;-87.75743631;2;14/12/2013 03:31;ASSAULT
41.85414395;-87.6237029;24;14/12/2013 03:41;OTHER OFFENSE
41.96121856;-87.71483912;4;14/12/2013 03:45;BURGLARY
41.93980892;-87.65333415;28;14/12/2013 03:50;ROBBERY
41.83858023;-87.727515;36;14/12/2013 03:55;WEAPONS VIOLATION
41.97666527;-87.90054306;8;14/12/2013 04:00;CRIMINAL DAMAGE
41.90918265;-87.77256422;3;14/12/2013 04:00;BATTERY
41.97357574;-87.79140202;24;14/12/2013 04:00;OTHER OFFENSE
41.78454594;-87.64069939;33;14/12/2013 04:00;THEFT
41.94334744;-87.67138843;3;14/12/2013 04:00;BATTERY
41.91520236;-87.71361557;3;14/12/2013 04:08;BATTERY
41.70257302;-87.52506714;3;14/12/2013 04:11;BATTERY
41.88327758;-87.7420428;27;14/12/2013 04:15;PUBLIC PEACE VIOLATION
41.88558777;-87.64401597;8;14/12/2013 04:27;CRIMINAL DAMAGE
41.94466678;-87.7295222;33;14/12/2013 04:30;THEFT
41.89655229;-87.64789801;17;14/12/2013 04:30;MOTOR VEHICLE THEFT
41.81276747;-87.67130402;3;14/12/2013 04:33;BATTERY
41.84959577;-87.71874538;3;14/12/2013 04:39;BATTERY
41.75928433;-87.66378326;28;14/12/2013 04:40;ROBBERY
41.85776888;-87.67624353;4;14/12/2013 04:41;BURGLARY
41.85935008;-87.69432857;3;14/12/2013 04:48;BATTERY
41.84203382;-87.71336059;28;14/12/2013 05:00;ROBBERY
41.93502804;-87.7979029;3;14/12/2013 05:00;BATTERY
41.75021346;-87.59894683;3;14/12/2013 05:08;BATTERY
41.75022231;-87.66514176;2;14/12/2013 05:12;ASSAULT
41.89642828;-87.62564449;9;14/12/2013 05:13;CRIMINAL TRESPASS
41.75972029;-87.63875629;3;14/12/2013 05:20;BATTERY
41.75972029;-87.63875629;3;14/12/2013 05:28;BATTERY
41.76233283;-87.66089259;2;14/12/2013 05:30;ASSAULT
41.98373551;-87.65986624;33;14/12/2013 05:30;THEFT
41.83141561;-87.67574257;4;14/12/2013 05:30;BURGLARY
41.97837058;-87.70889178;8;14/12/2013 05:37;CRIMINAL DAMAGE
41.884455;-87.7063698;3;14/12/2013 06:00;BATTERY
41.68919922;-87.69698912;3;14/12/2013 06:00;BATTERY
41.74907661;-87.60012513;3;14/12/2013 06:20;BATTERY
41.71138891;-87.64309314;7;14/12/2013 06:30;CRIM SEXUAL ASSAULT
41.92362989;-87.71310777;2;14/12/2013 06:30;ASSAULT
41.84203382;-87.71336059;28;14/12/2013 06:30;ROBBERY
41.68778444;-87.6384579;33;14/12/2013 06:35;THEFT
41.78052119;-87.60580559;31;14/12/2013 06:45;SEX OFFENSE
41.78666992;-87.69467681;28;14/12/2013 06:45;ROBBERY
41.87171342;-87.69589439;8;14/12/2013 06:45;CRIMINAL DAMAGE
41.91469351;-87.67160377;29;14/12/2013 07:05;SCHOOL
41.94544726;-87.79192334;24;14/12/2013 07:30;OTHER OFFENSE
41.69752634;-87.65212829;8;14/12/2013 07:30;CRIMINAL DAMAGE
41.76501248;-87.58350023;3;14/12/2013 07:30;BATTERY
41.88009893;-87.64716319;2;14/12/2013 07:45;ASSAULT
41.71267716;-87.63827776;2;14/12/2013 07:49;ASSAULT
41.91460659;-87.7567623;2;14/12/2013 07:50;ASSAULT
41.66674761;-87.62696138;33;14/12/2013 08:00;THEFT
41.77851955;-87.69322884;3;14/12/2013 08:00;BATTERY
41.91063812;-87.73261309;33;14/12/2013 08:00;THEFT
41.72165397;-87.62171195;8;14/12/2013 08:15;CRIMINAL DAMAGE
41.89202643;-87.61458295;9;14/12/2013 08:20;CRIMINAL TRESPASS
41.78371311;-87.72426985;18;14/12/2013 08:28;NARCOTICS
42.00155258;-87.68983569;33;14/12/2013 08:30;THEFT
41.84258862;-87.7048593;17;14/12/2013 08:30;MOTOR VEHICLE THEFT
41.88189509;-87.62792373;2;14/12/2013 08:30;ASSAULT
41.89676049;-87.62834785;10;14/12/2013 08:45;DECEPTIVE PRACTICE
41.75601838;-87.657649;17;14/12/2013 08:45;MOTOR VEHICLE THEFT
41.89676049;-87.62834785;10;14/12/2013 08:45;DECEPTIVE PRACTICE
41.78473143;-87.70193767;4;14/12/2013 08:50;BURGLARY
41.87498861;-87.73542551;33;14/12/2013 09:00;THEFT
41.70981118;-87.62198541;17;14/12/2013 09:00;MOTOR VEHICLE THEFT
41.85920269;-87.66883934;24;14/12/2013 09:00;OTHER OFFENSE
41.88287119;-87.70932309;3;14/12/2013 09:00;BATTERY
41.65304471;-87.61056805;8;14/12/2013 09:00;CRIMINAL DAMAGE
41.97889653;-87.90646389;33;14/12/2013 09:00;THEFT
41.7641187;-87.56084709;4;14/12/2013 09:00;BURGLARY
41.83599487;-87.73269147;33;14/12/2013 09:00;THEFT
41.85208461;-87.67464632;33;14/12/2013 09:00;THEFT
41.85409812;-87.65890814;17;14/12/2013 09:00;MOTOR VEHICLE THEFT
42.01136547;-87.6956794;24;14/12/2013 09:00;OTHER OFFENSE
41.77182438;-87.70282311;17;14/12/2013 09:09;MOTOR VEHICLE THEFT
41.863167;-87.73134323;33;14/12/2013 09:15;THEFT
41.80850111;-87.66389825;3;14/12/2013 09:15;BATTERY
41.72485883;-87.68080487;24;14/12/2013 09:15;OTHER OFFENSE
41.89473261;-87.63060329;3;14/12/2013 09:30;BATTERY
41.85020921;-87.73461026;2;14/12/2013 09:30;ASSAULT
41.89676049;-87.62834785;10;14/12/2013 09:30;DECEPTIVE PRACTICE
41.93918236;-87.72872123;3;14/12/2013 09:35;BATTERY
41.70661491;-87.6451108;8;14/12/2013 09:45;CRIMINAL DAMAGE
41.7145492;-87.65534385;33;14/12/2013 10:00;THEFT
41.93837136;-87.6441976;17;14/12/2013 10:00;MOTOR VEHICLE THEFT
41.79144124;-87.65616601;4;14/12/2013 10:00;BURGLARY
41.87647525;-87.70245646;8;14/12/2013 10:00;CRIMINAL DAMAGE
41.79184712;-87.63278065;2;14/12/2013 10:00;ASSAULT
41.76358304;-87.6879598;4;14/12/2013 10:00;BURGLARY
41.95124277;-87.70412762;10;14/12/2013 10:00;DECEPTIVE PRACTICE
41.92363824;-87.71059427;33;14/12/2013 10:00;THEFT
41.82697946;-87.63370027;33;14/12/2013 10:00;THEFT
41.8820609;-87.63304463;33;14/12/2013 10:00;THEFT
41.742712;-87.54772193;4;14/12/2013 10:00;BURGLARY
41.83803491;-87.63847522;24;14/12/2013 10:00;OTHER OFFENSE
41.81181362;-87.6113647;17;14/12/2013 10:05;MOTOR VEHICLE THEFT
41.88179257;-87.7377233;18;14/12/2013 10:06;NARCOTICS
41.93407155;-87.67178939;8;14/12/2013 10:15;CRIMINAL DAMAGE
41.7785176;-87.59287892;3;14/12/2013 10:15;BATTERY
41.73466653;-87.73781688;33;14/12/2013 10:17;THEFT
41.76816138;-87.68713312;18;14/12/2013 10:27;NARCOTICS
41.75728089;-87.65163236;10;14/12/2013 10:28;DECEPTIVE PRACTICE
41.88280531;-87.66919708;28;14/12/2013 10:30;ROBBERY
41.79049917;-87.68504966;8;14/12/2013 10:30;CRIMINAL DAMAGE
41.70966261;-87.56317677;17;14/12/2013 10:30;MOTOR VEHICLE THEFT
41.9610273;-87.7124511;33;14/12/2013 10:30;THEFT
41.75951859;-87.6518176;3;14/12/2013 10:30;BATTERY
41.77893289;-87.6935327;33;14/12/2013 10:30;THEFT
41.8982384;-87.71991742;18;14/12/2013 10:40;NARCOTICS
41.75702152;-87.56405484;3;14/12/2013 10:40;BATTERY
41.74418093;-87.66920219;18;14/12/2013 10:42;NARCOTICS
41.88701843;-87.76495771;18;14/12/2013 10:45;NARCOTICS
41.77509693;-87.66424573;3;14/12/2013 10:47;BATTERY
41.7675381;-87.5811138;4;14/12/2013 11:00;BURGLARY
41.91403458;-87.69235051;28;14/12/2013 11:00;ROBBERY
41.74510079;-87.60152252;4;14/12/2013 11:00;BURGLARY
41.95828214;-87.67246187;33;14/12/2013 11:00;THEFT
41.70016357;-87.65862951;8;14/12/2013 11:00;CRIMINAL DAMAGE
41.92491684;-87.69753679;33;14/12/2013 11:00;THEFT
41.73863849;-87.58583332;24;14/12/2013 11:21;OTHER OFFENSE
41.86177596;-87.72153256;18;14/12/2013 11:24;NARCOTICS
41.86120301;-87.70537455;3;14/12/2013 11:25;BATTERY
41.9323755;-87.67798842;33;14/12/2013 11:25;THEFT
41.75219821;-87.55202599;28;14/12/2013 11:30;ROBBERY
41.99792256;-87.67301941;33;14/12/2013 11:30;THEFT
41.7379235;-87.57680259;33;14/12/2013 11:30;THEFT
41.96677033;-87.70427637;4;14/12/2013 11:30;BURGLARY
41.74731256;-87.69147947;33;14/12/2013 11:30;THEFT
41.81140226;-87.66397442;24;14/12/2013 11:31;OTHER OFFENSE
41.76493244;-87.65031976;2;14/12/2013 11:32;ASSAULT
41.83644751;-87.66556665;33;14/12/2013 11:38;THEFT
41.97889653;-87.90646389;24;14/12/2013 11:40;OTHER OFFENSE
41.87857639;-87.75546327;18;14/12/2013 11:50;NARCOTICS
41.92100078;-87.72126477;24;14/12/2013 11:59;OTHER OFFENSE
41.89953992;-87.68411324;17;14/12/2013 12:00;MOTOR VEHICLE THEFT
41.95365165;-87.73692974;10;14/12/2013 12:00;DECEPTIVE PRACTICE
41.8843879;-87.62586184;33;14/12/2013 12:00;THEFT
41.92870786;-87.68792241;33;14/12/2013 12:00;THEFT
41.81297728;-87.67009134;33;14/12/2013 12:00;THEFT
41.95312241;-87.76292969;33;14/12/2013 12:00;THEFT
41.72121676;-87.65375727;10;14/12/2013 12:00;DECEPTIVE PRACTICE
41.87978838;-87.7208577;17;14/12/2013 12:00;MOTOR VEHICLE THEFT
41.85717847;-87.72291989;33;14/12/2013 12:00;THEFT
41.69425847;-87.66674286;24;14/12/2013 12:00;OTHER OFFENSE
41.98083145;-87.76975134;4;14/12/2013 12:00;BURGLARY
41.92718248;-87.66074066;33;14/12/2013 12:00;THEFT
41.7526782;-87.5507778;33;14/12/2013 12:00;THEFT
41.94443162;-87.68440418;33;14/12/2013 12:00;THEFT
41.87822564;-87.71041847;33;14/12/2013 12:00;THEFT
41.90256552;-87.64159263;8;14/12/2013 12:00;CRIMINAL DAMAGE
41.78556568;-87.68761838;33;14/12/2013 12:00;THEFT
41.90342538;-87.72930482;33;14/12/2013 12:00;THEFT
41.82466838;-87.69735186;8;14/12/2013 12:00;CRIMINAL DAMAGE
41.91052632;-87.76899618;33;14/12/2013 12:00;THEFT
41.87384233;-87.70224002;29;14/12/2013 12:00;SCHOOL
41.72523553;-87.5691817;2;14/12/2013 12:05;ASSAULT
41.9269906;-87.75553;3;14/12/2013 12:05;BATTERY
41.85898758;-87.72407369;18;14/12/2013 12:05;NARCOTICS
41.65304745;-87.55064202;9;14/12/2013 12:08;CRIMINAL TRESPASS
41.85500875;-87.67778776;3;14/12/2013 12:10;BATTERY
41.91123729;-87.6785684;3;14/12/2013 12:10;BATTERY
41.8663503;-87.62147162;33;14/12/2013 12:14;THEFT
42.02222412;-87.67524484;8;14/12/2013 12:15;CRIMINAL DAMAGE
41.96638359;-87.6579384;2;14/12/2013 12:15;ASSAULT
41.78971279;-87.64975608;24;14/12/2013 12:15;OTHER OFFENSE
41.76727452;-87.622469;9;14/12/2013 12:15;CRIMINAL TRESPASS
41.7833396;-87.61584576;18;14/12/2013 12:20;NARCOTICS
41.99072693;-87.68305134;10;14/12/2013 12:22;DECEPTIVE PRACTICE
41.85185335;-87.69098965;33;14/12/2013 12:25;THEFT
41.89647971;-87.71283428;18;14/12/2013 12:28;NARCOTICS
41.70016357;-87.65862951;4;14/12/2013 12:30;BURGLARY
41.91693044;-87.71042801;9;14/12/2013 12:40;CRIMINAL TRESPASS
41.79943483;-87.65515032;18;14/12/2013 12:40;NARCOTICS
41.9023509;-87.75622974;18;14/12/2013 12:45;NARCOTICS
41.88301789;-87.70602764;18;14/12/2013 12:45;NARCOTICS
41.79305612;-87.64254768;3;14/12/2013 12:45;BATTERY
41.95517212;-87.76843705;24;14/12/2013 12:47;OTHER OFFENSE
41.90175544;-87.62976224;2;14/12/2013 12:50;ASSAULT
41.72485883;-87.68080487;24;14/12/2013 12:52;OTHER OFFENSE
41.94052308;-87.72953557;3;14/12/2013 12:55;BATTERY
41.9202561;-87.65329192;17;14/12/2013 13:00;MOTOR VEHICLE THEFT
41.80435649;-87.59098234;28;14/12/2013 13:00;ROBBERY
41.78500933;-87.61340715;8;14/12/2013 13:00;CRIMINAL DAMAGE
41.8160394;-87.66621523;2;14/12/2013 13:00;ASSAULT
41.94137471;-87.7531323;3;14/12/2013 13:00;BATTERY
41.85993372;-87.72240545;4;14/12/2013 13:00;BURGLARY
41.89928756;-87.62427588;33;14/12/2013 13:00;THEFT
41.90050254;-87.72978418;24;14/12/2013 13:00;OTHER OFFENSE
41.74756067;-87.6012454;17;14/12/2013 13:00;MOTOR VEHICLE THEFT
41.72177977;-87.62787183;18;14/12/2013 13:00;NARCOTICS
41.94466272;-87.72979425;33;14/12/2013 13:00;THEFT
41.92559527;-87.70362271;4;14/12/2013 13:00;BURGLARY
41.91061938;-87.74865327;18;14/12/2013 13:05;NARCOTICS
41.89578383;-87.67796964;9;14/12/2013 13:09;CRIMINAL TRESPASS
41.6780564;-87.62998948;18;14/12/2013 13:14;NARCOTICS