41.77917645;-87.67591357;18;12/02/2014 06:27;NARCOTICS
41.91061332;-87.67646599;33;12/02/2014 06:40;THEFT
41.76862206;-87.66736656;24;12/02/2014 06:47;OTHER OFFENSE
41.78924307;-87.74163898;8;12/02/2014 07:00;CRIMINAL DAMAGE
41.92685583;-87.6426973;33;12/02/2014 07:00;THEFT
41.8817085;-87.65805603;33;12/02/2014 07:00;THEFT
41.77806765;-87.70082617;28;12/02/2014 07:20;ROBBERY
41.76289789;-87.6478452;33;12/02/2014 07:30;THEFT
41.97072564;-87.77842692;33;12/02/2014 07:30;THEFT
41.97072564;-87.77842692;24;12/02/2014 07:30;OTHER OFFENSE
41.69272473;-87.6044232;2;12/02/2014 07:37;ASSAULT
41.89751316;-87.74816677;18;12/02/2014 07:40;NARCOTICS
41.90832751;-87.69251782;33;12/02/2014 07:45;THEFT
41.96895699;-87.65642931;33;12/02/2014 08:00;THEFT
41.89962742;-87.67922331;4;12/02/2014 08:00;BURGLARY
41.76371464;-87.6953077;8;12/02/2014 08:00;CRIMINAL DAMAGE
41.82641091;-87.6850654;13;12/02/2014 08:00;INTERFERENCE WITH PUBLIC OFFICER
41.87693666;-87.74491761;33;12/02/2014 08:00;THEFT
41.92231538;-87.76729022;3;12/02/2014 08:00;BATTERY
41.98109048;-87.84420074;3;12/02/2014 08:00;BATTERY
41.90581629;-87.69247314;2;12/02/2014 08:00;ASSAULT
41.95485408;-87.67907433;10;12/02/2014 08:05;DECEPTIVE PRACTICE
41.80901103;-87.64340334;8;12/02/2014 08:15;CRIMINAL DAMAGE
41.8725761;-87.71362362;18;12/02/2014 08:20;NARCOTICS
41.75045803;-87.64418461;22;12/02/2014 08:20;OFFENSE INVOLVING CHILDREN
41.78329165;-87.68389764;3;12/02/2014 08:30;BATTERY
41.80373403;-87.66621086;3;12/02/2014 08:30;BATTERY
41.79999058;-87.74554872;4;12/02/2014 08:30;BURGLARY
41.89448614;-87.75573124;10;12/02/2014 08:33;DECEPTIVE PRACTICE
41.88617698;-87.7590966;18;12/02/2014 08:34;NARCOTICS
41.72287817;-87.62441282;10;12/02/2014 08:35;DECEPTIVE PRACTICE
41.86476318;-87.7228404;3;12/02/2014 08:40;BATTERY
41.80946675;-87.61830165;18;12/02/2014 08:50;NARCOTICS
41.74939052;-87.60115132;3;12/02/2014 08:52;BATTERY
41.65805733;-87.61342126;24;12/02/2014 09:00;OTHER OFFENSE
41.92365289;-87.77989328;10;12/02/2014 09:00;DECEPTIVE PRACTICE
41.98353937;-87.65870972;33;12/02/2014 09:00;THEFT
41.78178013;-87.73032317;10;12/02/2014 09:00;DECEPTIVE PRACTICE
41.69231686;-87.65478651;3;12/02/2014 09:00;BATTERY
41.71138156;-87.64552876;33;12/02/2014 09:00;THEFT
41.80051243;-87.72352032;17;12/02/2014 09:00;MOTOR VEHICLE THEFT
41.70158824;-87.69669122;22;12/02/2014 09:00;OFFENSE INVOLVING CHILDREN
41.94696862;-87.69789116;3;12/02/2014 09:00;BATTERY
41.96595084;-87.67079782;17;12/02/2014 09:00;MOTOR VEHICLE THEFT
41.88464964;-87.61717385;24;12/02/2014 09:00;OTHER OFFENSE
41.76904182;-87.63861543;18;12/02/2014 09:00;NARCOTICS
41.90179249;-87.67249003;29;12/02/2014 09:00;SCHOOL
41.93249789;-87.66825184;33;12/02/2014 09:10;THEFT
41.68246483;-87.62080039;18;12/02/2014 09:10;NARCOTICS
41.9097422;-87.74561937;33;12/02/2014 09:12;THEFT
41.72170926;-87.61428267;28;12/02/2014 09:15;ROBBERY
41.89676049;-87.62834785;10;12/02/2014 09:18;DECEPTIVE PRACTICE
41.74593962;-87.65225438;29;12/02/2014 09:25;SCHOOL
41.88574977;-87.77036374;3;12/02/2014 09:25;BATTERY
41.68085791;-87.67006969;33;12/02/2014 09:30;THEFT
41.88197285;-87.64251985;8;12/02/2014 09:30;CRIMINAL DAMAGE
41.71607455;-87.61505972;33;12/02/2014 09:30;THEFT
41.7791096;-87.68637428;3;12/02/2014 09:40;BATTERY
42.01211434;-87.70257868;2;12/02/2014 09:45;ASSAULT
41.79904982;-87.66578634;24;12/02/2014 09:50;OTHER OFFENSE
41.9638706;-87.65665964;33;12/02/2014 09:53;THEFT
41.69187051;-87.64251465;8;12/02/2014 09:55;CRIMINAL DAMAGE
41.71542962;-87.56663876;33;12/02/2014 10:00;THEFT
41.94013685;-87.72706558;8;12/02/2014 10:00;CRIMINAL DAMAGE
41.92982073;-87.69407039;24;12/02/2014 10:00;OTHER OFFENSE
41.87475716;-87.72531555;10;12/02/2014 10:00;DECEPTIVE PRACTICE
41.86641523;-87.62398207;10;12/02/2014 10:00;DECEPTIVE PRACTICE
41.97422126;-87.65147883;33;12/02/2014 10:00;THEFT
41.87357171;-87.62612433;33;12/02/2014 10:00;THEFT
41.87666652;-87.76317678;33;12/02/2014 10:00;THEFT
41.98771292;-87.66004869;3;12/02/2014 10:00;BATTERY
41.97620016;-87.90530873;2;12/02/2014 10:00;ASSAULT
41.79866903;-87.67064231;24;12/02/2014 10:10;OTHER OFFENSE
41.89559698;-87.71351131;33;12/02/2014 10:15;THEFT
41.78922118;-87.65246381;18;12/02/2014 10:15;NARCOTICS
41.85904795;-87.72510831;13;12/02/2014 10:25;INTERFERENCE WITH PUBLIC OFFICER
41.88855135;-87.74888025;18;12/02/2014 10:27;NARCOTICS
41.79410077;-87.62794478;18;12/02/2014 10:29;NARCOTICS
41.75564436;-87.64916848;24;12/02/2014 10:30;OTHER OFFENSE
41.87803473;-87.6311865;9;12/02/2014 10:40;CRIMINAL TRESPASS
41.96528753;-87.65774774;10;12/02/2014 10:40;DECEPTIVE PRACTICE
41.89085341;-87.7580484;17;12/02/2014 10:43;MOTOR VEHICLE THEFT
41.78564638;-87.68732791;24;12/02/2014 10:46;OTHER OFFENSE
41.78564638;-87.68732791;24;12/02/2014 10:46;OTHER OFFENSE
41.78564638;-87.68732791;24;12/02/2014 10:46;OTHER OFFENSE
41.88173578;-87.64188712;3;12/02/2014 10:50;BATTERY
41.83095178;-87.62141631;18;12/02/2014 10:51;NARCOTICS
41.84565884;-87.70124721;24;12/02/2014 10:55;OTHER OFFENSE
41.67969863;-87.6261462;4;12/02/2014 11:00;BURGLARY
41.90871132;-87.69343242;33;12/02/2014 11:00;THEFT
41.92876679;-87.75839876;33;12/02/2014 11:00;THEFT
41.70986301;-87.5354319;10;12/02/2014 11:00;DECEPTIVE PRACTICE
41.92541916;-87.76618977;2;12/02/2014 11:00;ASSAULT
41.88761386;-87.73102563;33;12/02/2014 11:00;THEFT
41.89196507;-87.71023358;18;12/02/2014 11:09;NARCOTICS
41.78818412;-87.685249;18;12/02/2014 11:11;NARCOTICS
41.88230538;-87.62636587;9;12/02/2014 11:15;CRIMINAL TRESPASS
41.87634164;-87.67426878;29;12/02/2014 11:15;SCHOOL
41.75920607;-87.60188641;3;12/02/2014 11:25;BATTERY
41.89782376;-87.63258594;33;12/02/2014 11:25;THEFT
41.92165408;-87.69508523;9;12/02/2014 11:30;CRIMINAL TRESPASS
41.75788572;-87.63716709;3;12/02/2014 11:30;BATTERY
41.76520752;-87.59241251;33;12/02/2014 11:30;THEFT
41.88671987;-87.68917151;33;12/02/2014 11:30;THEFT
41.99447466;-87.65772241;3;12/02/2014 11:30;BATTERY
41.77966341;-87.65861074;9;12/02/2014 11:41;CRIMINAL TRESPASS
41.86105661;-87.7163376;18;12/02/2014 11:41;NARCOTICS
41.85022354;-87.62388571;10;12/02/2014 11:45;DECEPTIVE PRACTICE
41.75177004;-87.60507122;9;12/02/2014 11:50;CRIMINAL TRESPASS
41.90458441;-87.72896695;18;12/02/2014 11:50;NARCOTICS
41.94642789;-87.7144491;33;12/02/2014 11:50;THEFT
41.95249997;-87.81391751;33;12/02/2014 12:00;THEFT
41.90268142;-87.6700748;8;12/02/2014 12:00;CRIMINAL DAMAGE
41.92084064;-87.7598809;33;12/02/2014 12:00;THEFT
41.76748723;-87.74182427;3;12/02/2014 12:00;BATTERY
41.95305107;-87.7690403;33;12/02/2014 12:00;THEFT
41.76943549;-87.57501746;18;12/02/2014 12:00;NARCOTICS
41.82405209;-87.67038063;8;12/02/2014 12:00;CRIMINAL DAMAGE
41.90700681;-87.69189549;33;12/02/2014 12:00;THEFT
41.97290159;-87.69004327;33;12/02/2014 12:00;THEFT
41.87411103;-87.67914942;33;12/02/2014 12:00;THEFT
41.76579489;-87.6639685;33;12/02/2014 12:05;THEFT
41.94166719;-87.65155746;2;12/02/2014 12:10;ASSAULT
42.00028242;-87.66493434;18;12/02/2014 12:10;NARCOTICS
42.01290179;-87.66568169;4;12/02/2014 12:10;BURGLARY
41.70831509;-87.62369022;18;12/02/2014 12:11;NARCOTICS
41.75190982;-87.5609202;18;12/02/2014 12:14;NARCOTICS
41.65315071;-87.60172998;29;12/02/2014 12:15;SCHOOL
41.79218853;-87.6173826;3;12/02/2014 12:15;BATTERY
41.87339454;-87.72555612;33;12/02/2014 12:15;THEFT
41.78027778;-87.6655961;3;12/02/2014 12:15;BATTERY
41.76471768;-87.68867053;28;12/02/2014 12:16;ROBBERY
41.8977653;-87.62395846;33;12/02/2014 12:16;THEFT
41.73638484;-87.64412258;8;12/02/2014 12:27;CRIMINAL DAMAGE
41.89209519;-87.6115448;33;12/02/2014 12:28;THEFT
41.86880452;-87.63909668;33;12/02/2014 12:30;THEFT
41.76417473;-87.58254597;3;12/02/2014 12:30;BATTERY
41.87536985;-87.70857725;18;12/02/2014 12:35;NARCOTICS
41.88019757;-87.76025912;18;12/02/2014 12:36;NARCOTICS
41.77159759;-87.5888014;24;12/02/2014 12:39;OTHER OFFENSE
41.73947069;-87.55009177;18;12/02/2014 12:45;NARCOTICS
41.90976604;-87.74331201;33;12/02/2014 12:45;THEFT
41.89878533;-87.71139779;18;12/02/2014 12:45;NARCOTICS
41.79351661;-87.66471795;33;12/02/2014 12:45;THEFT
41.83815518;-87.623586;10;12/02/2014 12:47;DECEPTIVE PRACTICE
41.77934284;-87.68539669;8;12/02/2014 12:50;CRIMINAL DAMAGE
41.76524139;-87.62475307;24;12/02/2014 12:50;OTHER OFFENSE
41.93087798;-87.72191638;3;12/02/2014 12:55;BATTERY
41.95444057;-87.70177271;24;12/02/2014 12:55;OTHER OFFENSE
42.01061612;-87.66998127;3;12/02/2014 12:57;BATTERY
41.85383713;-87.69734194;10;12/02/2014 13:00;DECEPTIVE PRACTICE
41.77806765;-87.70082617;33;12/02/2014 13:00;THEFT
41.87891543;-87.63973267;18;12/02/2014 13:00;NARCOTICS
41.70916811;-87.66244675;22;12/02/2014 13:00;OFFENSE INVOLVING CHILDREN
41.76214886;-87.69800259;8;12/02/2014 13:01;CRIMINAL DAMAGE
41.76000836;-87.62125904;17;12/02/2014 13:01;MOTOR VEHICLE THEFT
41.97230623;-87.69596985;24;12/02/2014 13:10;OTHER OFFENSE
41.95825514;-87.74411865;3;12/02/2014 13:10;BATTERY
41.90902917;-87.80560733;33;12/02/2014 13:10;THEFT
41.79555599;-87.77473668;8;12/02/2014 13:15;CRIMINAL DAMAGE
41.80620717;-87.66962199;33;12/02/2014 13:20;THEFT
41.67184035;-87.64036069;18;12/02/2014 13:23;NARCOTICS
41.93645023;-87.65059864;8;12/02/2014 13:28;CRIMINAL DAMAGE
41.88308628;-87.76836738;18;12/02/2014 13:30;NARCOTICS
41.97419786;-87.71367283;4;12/02/2014 13:30;BURGLARY
41.8650402;-87.71767234;3;12/02/2014 13:30;BATTERY
41.79159962;-87.71695647;9;12/02/2014 13:30;CRIMINAL TRESPASS
41.79192442;-87.67317238;36;12/02/2014 13:37;WEAPONS VIOLATION
41.77919677;-87.67467048;33;12/02/2014 13:40;THEFT
41.92264859;-87.73609781;8;12/02/2014 13:40;CRIMINAL DAMAGE
41.97562766;-87.70963203;33;12/02/2014 13:45;THEFT
41.92247812;-87.64395343;4;12/02/2014 13:45;BURGLARY
41.76937477;-87.63740213;2;12/02/2014 13:45;ASSAULT
41.88764577;-87.68400598;28;12/02/2014 13:45;ROBBERY
41.92247812;-87.64395343;4;12/02/2014 13:45;BURGLARY
41.96140508;-87.65459366;33;12/02/2014 13:50;THEFT
41.82866988;-87.61458029;33;12/02/2014 13:50;THEFT
41.75939816;-87.55834907;33;12/02/2014 14:00;THEFT
41.75128471;-87.65026656;24;12/02/2014 14:00;OTHER OFFENSE
41.86631113;-87.7045646;28;12/02/2014 14:00;ROBBERY
41.86292124;-87.72016333;24;12/02/2014 14:00;OTHER OFFENSE
41.69148168;-87.6412886;17;12/02/2014 14:00;MOTOR VEHICLE THEFT
41.78265604;-87.68847255;22;12/02/2014 14:00;OFFENSE INVOLVING CHILDREN
41.73560584;-87.66320855;17;12/02/2014 14:00;MOTOR VEHICLE THEFT
41.70619186;-87.68175905;33;12/02/2014 14:00;THEFT
41.82833375;-87.65916762;33;12/02/2014 14:00;THEFT
41.89348277;-87.62193804;33;12/02/2014 14:00;THEFT
41.93073548;-87.71579887;4;12/02/2014 14:05;BURGLARY
41.85522944;-87.70549906;18;12/02/2014 14:08;NARCOTICS
41.88929544;-87.6309163;9;12/02/2014 14:10;CRIMINAL TRESPASS
41.92184089;-87.65398795;9;12/02/2014 14:10;CRIMINAL TRESPASS
41.92077224;-87.78520935;24;12/02/2014 14:10;OTHER OFFENSE
41.7634369;-87.58218436;3;12/02/2014 14:10;BATTERY
41.73566616;-87.60199969;18;12/02/2014 14:11;NARCOTICS
41.73921213;-87.58584498;10;12/02/2014 14:20;DECEPTIVE PRACTICE
41.77726039;-87.60571412;28;12/02/2014 14:21;ROBBERY
41.75478768;-87.65278755;8;12/02/2014 14:30;CRIMINAL DAMAGE
41.75889082;-87.55962332;18;12/02/2014 14:30;NARCOTICS
41.75921213;-87.65289474;2;12/02/2014 14:30;ASSAULT
41.82880209;-87.67509419;4;12/02/2014 14:30;BURGLARY
41.96083563;-87.72794668;33;12/02/2014 14:30;THEFT
41.75731915;-87.56342089;4;12/02/2014 14:30;BURGLARY
41.90945369;-87.77411953;18;12/02/2014 14:40;NARCOTICS
41.85612899;-87.70992817;2;12/02/2014 14:40;ASSAULT
41.88274416;-87.62453593;28;12/02/2014 14:41;ROBBERY
41.8933272;-87.71244241;18;12/02/2014 14:45;NARCOTICS
41.7868638;-87.64876332;18;12/02/2014 14:47;NARCOTICS
41.87937724;-87.76360802;24;12/02/2014 14:48;OTHER OFFENSE
41.73680798;-87.54596926;36;12/02/2014 14:50;WEAPONS VIOLATION
41.90015523;-87.7211994;33;12/02/2014 14:50;THEFT
41.87184245;-87.71650926;18;12/02/2014 14:50;NARCOTICS
41.84538661;-87.71833425;28;12/02/2014 14:55;ROBBERY
41.78922118;-87.65246381;18;12/02/2014 14:55;NARCOTICS
41.73649562;-87.55126373;22;12/02/2014 14:57;OFFENSE INVOLVING CHILDREN
41.93336349;-87.64516662;33;12/02/2014 14:58;THEFT
41.8581624;-87.72630605;4;12/02/2014 15:00;BURGLARY
41.70638621;-87.64267057;24;12/02/2014 15:00;OTHER OFFENSE
41.88348008;-87.62773003;10;12/02/2014 15:00;DECEPTIVE PRACTICE
41.78608996;-87.63871374;33;12/02/2014 15:00;THEFT
41.6934939;-87.70142842;10;12/02/2014 15:00;DECEPTIVE PRACTICE
41.86151882;-87.71298885;22;12/02/2014 15:00;OFFENSE INVOLVING CHILDREN
41.89398083;-87.76834483;24;12/02/2014 15:00;OTHER OFFENSE
41.80881734;-87.6088234;33;12/02/2014 15:00;THEFT
41.88117956;-87.62759376;33;12/02/2014 15:00;THEFT
41.68215384;-87.63586806;3;12/02/2014 15:00;BATTERY
41.74842382;-87.68121125;3;12/02/2014 15:01;BATTERY
41.87902533;-87.62625515;33;12/02/2014 15:02;THEFT
41.93083458;-87.78908855;33;12/02/2014 15:05;THEFT
41.97808686;-87.65688061;33;12/02/2014 15:10;THEFT
41.83409531;-87.66550303;28;12/02/2014 15:12;ROBBERY
41.8462433;-87.7037335;18;12/02/2014 15:15;NARCOTICS
41.89451712;-87.71887319;18;12/02/2014 15:15;NARCOTICS
41.93439681;-87.72879216;3;12/02/2014 15:15;BATTERY
41.67075696;-87.6427441;18;12/02/2014 15:17;NARCOTICS
41.90269583;-87.73147532;18;12/02/2014 15:20;NARCOTICS
41.73363491;-87.58699045;33;12/02/2014 15:22;THEFT
41.88393255;-87.75534156;27;12/02/2014 15:23;PUBLIC PEACE VIOLATION
41.75258199;-87.65849497;3;12/02/2014 15:30;BATTERY
41.7384141;-87.66570752;4;12/02/2014 15:30;BURGLARY
41.67781947;-87.63118541;33;12/02/2014 15:30;THEFT
41.95951654;-87.69913423;3;12/02/2014 15:30;BATTERY
41.85193938;-87.68578404;33;12/02/2014 15:30;THEFT
41.8305396;-87.67181809;18;12/02/2014 15:33;NARCOTICS
41.88042083;-87.7599046;28;12/02/2014 15:35;ROBBERY
41.87955487;-87.7497958;8;12/02/2014 15:35;CRIMINAL DAMAGE
41.85353598;-87.70545322;18;12/02/2014 15:35;NARCOTICS
41.75646994;-87.55428314;36;12/02/2014 15:37;WEAPONS VIOLATION
41.92498632;-87.67241976;33;12/02/2014 15:40;THEFT
41.70265019;-87.56389398;8;12/02/2014 15:45;CRIMINAL DAMAGE
41.87781099;-87.62781443;10;12/02/2014 15:45;DECEPTIVE PRACTICE
41.88670185;-87.7575972;18;12/02/2014 15:48;NARCOTICS
41.83414779;-87.67459175;33;12/02/2014 15:48;THEFT
41.89967889;-87.71782092;3;12/02/2014 15:53;BATTERY
41.75464436;-87.74138513;33;12/02/2014 15:53;THEFT
41.90902917;-87.80560733;33;12/02/2014 15:54;THEFT
41.88029006;-87.75299119;9;12/02/2014 16:00;CRIMINAL TRESPASS
41.71748207;-87.53634493;2;12/02/2014 16:00;ASSAULT
41.92874979;-87.72062109;31;12/02/2014 16:00;SEX OFFENSE
41.72265999;-87.6616434;33;12/02/2014 16:00;THEFT
41.75664415;-87.60554022;8;12/02/2014 16:00;CRIMINAL DAMAGE
41.90474345;-87.67121795;33;12/02/2014 16:00;THEFT
41.92753816;-87.79889159;8;12/02/2014 16:00;CRIMINAL DAMAGE
41.87006131;-87.62604186;29;12/02/2014 16:00;SCHOOL
41.91101403;-87.67121928;33;12/02/2014 16:00;THEFT
41.768356;-87.65798876;2;12/02/2014 16:03;ASSAULT
41.7816348;-87.72514014;8;12/02/2014 16:05;CRIMINAL DAMAGE
41.9097763;-87.76437747;24;12/02/2014 16:06;OTHER OFFENSE
41.87987227;-87.62921284;33;12/02/2014 16:10;THEFT
41.72186138;-87.62730682;2;12/02/2014 16:15;ASSAULT
41.96107912;-87.70784364;28;12/02/2014 16:15;ROBBERY
41.78694165;-87.65820809;28;12/02/2014 16:20;ROBBERY
41.89806982;-87.62394407;33;12/02/2014 16:20;THEFT
41.9209928;-87.77856407;18;12/02/2014 16:20;NARCOTICS
41.68889149;-87.62115052;28;12/02/2014 16:30;ROBBERY
41.76217963;-87.56265171;2;12/02/2014 16:30;ASSAULT
41.65569719;-87.5969587;17;12/02/2014 16:30;MOTOR VEHICLE THEFT
41.73527385;-87.70348848;9;12/02/2014 16:30;CRIMINAL TRESPASS
41.75568351;-87.60422069;4;12/02/2014 16:30;BURGLARY
41.78672884;-87.72370596;33;12/02/2014 16:30;THEFT
41.97563488;-87.70894057;9;12/02/2014 16:30;CRIMINAL TRESPASS
41.68215384;-87.63586806;22;12/02/2014 16:30;OFFENSE INVOLVING CHILDREN
41.76958161;-87.58685252;10;12/02/2014 16:35;DECEPTIVE PRACTICE
41.92056959;-87.6627355;33;12/02/2014 16:39;THEFT
41.92169703;-87.77213865;3;12/02/2014 16:40;BATTERY
41.69083705;-87.62690293;18;12/02/2014 16:40;NARCOTICS
41.85755326;-87.71653646;28;12/02/2014 16:43;ROBBERY
41.88177556;-87.63983761;3;12/02/2014 16:45;BATTERY
41.86751349;-87.63934561;33;12/02/2014 16:45;THEFT
41.87616329;-87.64115407;33;12/02/2014 16:48;THEFT
41.83685407;-87.63879625;4;12/02/2014 16:52;BURGLARY
41.85358619;-87.73227731;10;12/02/2014 16:55;DECEPTIVE PRACTICE
41.93274415;-87.65406704;33;12/02/2014 17:00;THEFT
41.77846122;-87.63515546;29;12/02/2014 17:00;SCHOOL
41.97889653;-87.90646389;24;12/02/2014 17:00;OTHER OFFENSE
41.7759673;-87.61566398;8;12/02/2014 17:00;CRIMINAL DAMAGE
41.7351423;-87.60463991;2;12/02/2014 17:00;ASSAULT
41.88937309;-87.71965334;2;12/02/2014 17:00;ASSAULT
41.89566695;-87.62145835;33;12/02/2014 17:00;THEFT
41.88235746;-87.62769464;33;12/02/2014 17:00;THEFT
41.84638053;-87.69232528;17;12/02/2014 17:00;MOTOR VEHICLE THEFT
41.94607324;-87.70825133;33;12/02/2014 17:00;THEFT
41.81326451;-87.64337971;29;12/02/2014 17:00;SCHOOL
41.97025746;-87.68151287;33;12/02/2014 17:00;THEFT
41.89066289;-87.6350992;33;12/02/2014 17:00;THEFT
41.85358619;-87.73227731;10;12/02/2014 17:00;DECEPTIVE PRACTICE
41.8991095;-87.67455263;4;12/02/2014 17:00;BURGLARY
41.94272778;-87.68835812;33;12/02/2014 17:02;THEFT
41.88536485;-87.72605597;10;12/02/2014 17:03;DECEPTIVE PRACTICE
41.85461301;-87.72093644;36;12/02/2014 17:05;WEAPONS VIOLATION
41.86022969;-87.69557528;17;12/02/2014 17:05;MOTOR VEHICLE THEFT
41.91318797;-87.77174292;3;12/02/2014 17:11;BATTERY
41.87942612;-87.62449549;8;12/02/2014 17:11;CRIMINAL DAMAGE
41.87331887;-87.65844175;28;12/02/2014 17:15;ROBBERY
41.74249396;-87.65245568;28;12/02/2014 17:15;ROBBERY
41.98599363;-87.65653944;3;12/02/2014 17:19;BATTERY
41.68731313;-87.61932273;2;12/02/2014 17:19;ASSAULT
41.97788934;-87.68836017;18;12/02/2014 17:25;NARCOTICS
41.75222302;-87.65392873;33;12/02/2014 17:30;THEFT
41.99775461;-87.68204904;8;12/02/2014 17:30;CRIMINAL DAMAGE
41.70680177;-87.64332165;8;12/02/2014 17:34;CRIMINAL DAMAGE
41.75408315;-87.58200391;24;12/02/2014 17:42;OTHER OFFENSE
41.75328458;-87.73161612;17;12/02/2014 17:45;MOTOR VEHICLE THEFT
41.74887054;-87.62591158;3;12/02/2014 17:45;BATTERY
41.73638484;-87.64412258;8;12/02/2014 17:45;CRIMINAL DAMAGE
41.84889895;-87.63207411;3;12/02/2014 17:53;BATTERY
41.90940472;-87.75481793;9;12/02/2014 17:55;CRIMINAL TRESPASS
41.7805253;-87.64248053;28;12/02/2014 17:58;ROBBERY
41.85358619;-87.73227731;10;12/02/2014 17:58;DECEPTIVE PRACTICE
41.7517799;-87.54823071;33;12/02/2014 18:00;THEFT
41.88939742;-87.62651538;33;12/02/2014 18:00;THEFT
41.75114264;-87.55055824;3;12/02/2014 18:00;BATTERY
41.85341858;-87.63339753;33;12/02/2014 18:00;THEFT
41.72788032;-87.6359525;10;12/02/2014 18:00;DECEPTIVE PRACTICE
41.91805482;-87.64952713;33;12/02/2014 18:00;THEFT
41.91530063;-87.7389513;25;12/02/2014 18:00;PROSTITUTION
41.9097145;-87.67095718;3;12/02/2014 18:14;BATTERY
41.919385;-87.77692822;2;12/02/2014 18:15;ASSAULT
41.9543942;-87.65469011;33;12/02/2014 18:18;THEFT
41.91874085;-87.66020468;8;12/02/2014 18:18;CRIMINAL DAMAGE
41.88380402;-87.74892352;18;12/02/2014 18:20;NARCOTICS
41.83468462;-87.63312832;16;12/02/2014 18:22;LIQUOR LAW VIOLATION
41.78927532;-87.73514826;9;12/02/2014 18:30;CRIMINAL TRESPASS
41.72893655;-87.55108066;2;12/02/2014 18:30;ASSAULT
41.90923148;-87.67908853;9;12/02/2014 18:30;CRIMINAL TRESPASS
41.92837475;-87.77572559;3;12/02/2014 18:30;BATTERY
41.88199524;-87.73923437;3;12/02/2014 18:32;BATTERY
41.8086554;-87.69436312;28;12/02/2014 18:32;ROBBERY
41.85539404;-87.71204961;24;12/02/2014 18:34;OTHER OFFENSE
41.72208732;-87.59513524;3;12/02/2014 18:38;BATTERY
41.85394406;-87.72467215;10;12/02/2014 18:50;DECEPTIVE PRACTICE
41.91023174;-87.72526925;18;12/02/2014 18:50;NARCOTICS
41.87261925;-87.71043987;18;12/02/2014 18:51;NARCOTICS
41.85389995;-87.63448245;10;12/02/2014 18:59;DECEPTIVE PRACTICE
41.87766065;-87.75617653;18;12/02/2014 19:00;NARCOTICS
41.87947329;-87.71175767;33;12/02/2014 19:00;THEFT
41.91228919;-87.68064812;10;12/02/2014 19:00;DECEPTIVE PRACTICE
41.96543442;-87.6669166;7;12/02/2014 19:00;CRIM SEXUAL ASSAULT
41.75448232;-87.55053965;8;12/02/2014 19:00;CRIMINAL DAMAGE
41.79356617;-87.69464869;8;12/02/2014 19:00;CRIMINAL DAMAGE
41.80292414;-87.67663181;17;12/02/2014 19:00;MOTOR VEHICLE THEFT
41.91228919;-87.68064812;33;12/02/2014 19:00;THEFT
41.98540493;-87.65629556;33;12/02/2014 19:00;THEFT
41.91089087;-87.64927295;33;12/02/2014 19:00;THEFT
41.88083338;-87.72591894;18;12/02/2014 19:00;NARCOTICS
41.89676049;-87.62834785;10;12/02/2014 19:00;DECEPTIVE PRACTICE
41.74556341;-87.60522565;18;12/02/2014 19:03;NARCOTICS
41.86622425;-87.71179424;18;12/02/2014 19:04;NARCOTICS
41.79353077;-87.62228896;18;12/02/2014 19:05;NARCOTICS
41.89560144;-87.71129278;18;12/02/2014 19:05;NARCOTICS
41.92252366;-87.69749808;10;12/02/2014 19:05;DECEPTIVE PRACTICE
41.88490794;-87.68174582;8;12/02/2014 19:08;CRIMINAL DAMAGE
41.79207361;-87.66104021;18;12/02/2014 19:11;NARCOTICS
41.79617406;-87.6304048;18;12/02/2014 19:13;NARCOTICS
41.77880716;-87.70205811;28;12/02/2014 19:15;ROBBERY
41.77698561;-87.61569295;3;12/02/2014 19:20;BATTERY
41.70257244;-87.53994934;18;12/02/2014 19:20;NARCOTICS
41.85201431;-87.69524947;17;12/02/2014 19:20;MOTOR VEHICLE THEFT
41.77966873;-87.64287836;18;12/02/2014 19:23;NARCOTICS
41.89001723;-87.72156798;18;12/02/2014 19:27;NARCOTICS
41.78062417;-87.70210996;24;12/02/2014 19:30;OTHER OFFENSE
41.77185536;-87.6842403;4;12/02/2014 19:30;BURGLARY
41.80222196;-87.67717445;3;12/02/2014 19:30;BATTERY
41.87165468;-87.6961887;33;12/02/2014 19:30;THEFT
41.85837875;-87.70680445;33;12/02/2014 19:30;THEFT
41.84524727;-87.64630257;10;12/02/2014 19:30;DECEPTIVE PRACTICE
41.728412;-87.66256895;3;12/02/2014 19:34;BATTERY
41.78366575;-87.73404909;24;12/02/2014 19:45;OTHER OFFENSE
41.99751626;-87.70828158;9;12/02/2014 19:46;CRIMINAL TRESPASS
41.87632906;-87.72210979;18;12/02/2014 19:47;NARCOTICS
41.96483866;-87.78056653;9;12/02/2014 19:47;CRIMINAL TRESPASS
41.75680755;-87.60881493;18;12/02/2014 19:50;NARCOTICS
41.84648394;-87.71621706;18;12/02/2014 19:53;NARCOTICS
41.87974753;-87.73602743;18;12/02/2014 19:55;NARCOTICS
41.94798231;-87.80355847;4;12/02/2014 19:57;BURGLARY
41.88272784;-87.70217462;4;12/02/2014 20:00;BURGLARY
41.96704753;-87.67779497;33;12/02/2014 20:00;THEFT
41.96563865;-87.74122668;33;12/02/2014 20:00;THEFT
41.88023307;-87.74075625;25;12/02/2014 20:00;PROSTITUTION
41.89391459;-87.74961369;17;12/02/2014 20:00;MOTOR VEHICLE THEFT
41.71633585;-87.64657842;4;12/02/2014 20:00;BURGLARY
41.89851603;-87.75164711;3;12/02/2014 20:00;BATTERY
41.89185064;-87.7216166;24;12/02/2014 20:00;OTHER OFFENSE
41.93644612;-87.81509894;3;12/02/2014 20:00;BATTERY
41.7926349;-87.6631686;36;12/02/2014 20:03;WEAPONS VIOLATION
41.86980026;-87.71949547;18;12/02/2014 20:08;NARCOTICS
41.94160949;-87.66886288;8;12/02/2014 20:10;CRIMINAL DAMAGE
41.78287456;-87.61432934;12;12/02/2014 20:11;HOMICIDE
41.87036966;-87.74545147;18;12/02/2014 20:15;NARCOTICS
41.77580202;-87.60813559;33;12/02/2014 20:15;THEFT
41.76291081;-87.61142201;3;12/02/2014 20:17;BATTERY
41.75464436;-87.74138513;33;12/02/2014 20:20;THEFT
41.90198877;-87.62887807;17;12/02/2014 20:25;MOTOR VEHICLE THEFT
41.79522479;-87.59287734;3;12/02/2014 20:30;BATTERY
41.97339851;-87.77109662;3;12/02/2014 20:30;BATTERY
41.96528519;-87.65781763;10;12/02/2014 20:30;DECEPTIVE PRACTICE
41.70676113;-87.68148596;4;12/02/2014 20:30;BURGLARY
41.8546997;-87.70397725;3;12/02/2014 20:30;BATTERY
41.96931293;-87.67756582;10;12/02/2014 20:30;DECEPTIVE PRACTICE
41.76323775;-87.55961875;24;12/02/2014 20:34;OTHER OFFENSE
41.89271116;-87.62009183;25;12/02/2014 20:36;PROSTITUTION
41.90246237;-87.73248402;18;12/02/2014 20:39;NARCOTICS
41.70335365;-87.62329435;13;12/02/2014 20:45;INTERFERENCE WITH PUBLIC OFFICER
41.88086444;-87.72349503;10;12/02/2014 20:45;DECEPTIVE PRACTICE
41.8912323;-87.74992458;18;12/02/2014 20:58;NARCOTICS
41.97889653;-87.90646389;33;12/02/2014 21:00;THEFT
41.77377172;-87.64250169;3;12/02/2014 21:00;BATTERY
41.73200052;-87.56182922;22;12/02/2014 21:00;OFFENSE INVOLVING CHILDREN
41.68426733;-87.65565087;17;12/02/2014 21:00;MOTOR VEHICLE THEFT
41.80651808;-87.67357277;3;12/02/2014 21:00;BATTERY
41.77821267;-87.63354499;3;12/02/2014 21:00;BATTERY
41.73603167;-87.7126371;4;12/02/2014 21:00;BURGLARY
41.97591652;-87.84265161;17;12/02/2014 21:00;MOTOR VEHICLE THEFT
41.72213205;-87.62491187;33;12/02/2014 21:00;THEFT
41.77971679;-87.65462852;33;12/02/2014 21:10;THEFT
41.92846332;-87.79310329;3;12/02/2014 21:14;BATTERY
41.75386878;-87.64183192;36;12/02/2014 21:14;WEAPONS VIOLATION
41.76439311;-87.58111022;33;12/02/2014 21:15;THEFT
41.76893052;-87.63204029;3;12/02/2014 21:15;BATTERY
41.78433578;-87.62915181;18;12/02/2014 21:20;NARCOTICS
41.77934878;-87.68498966;28;12/02/2014 21:20;ROBBERY
41.80794542;-87.70897969;2;12/02/2014 21:20;ASSAULT
41.75126428;-87.61277654;33;12/02/2014 21:25;THEFT
41.93398843;-87.64458657;3;12/02/2014 21:27;BATTERY
41.92264896;-87.73616762;2;12/02/2014 21:30;ASSAULT
41.83317077;-87.64144134;4;12/02/2014 21:30;BURGLARY
41.73432947;-87.55842336;3;12/02/2014 21:30;BATTERY
41.92602411;-87.66068668;33;12/02/2014 21:30;THEFT
41.82283026;-87.69794605;18;12/02/2014 21:30;NARCOTICS
41.75590359;-87.64432793;18;12/02/2014 21:30;NARCOTICS
41.76065512;-87.5911967;9;12/02/2014 21:30;CRIMINAL TRESPASS
41.88224809;-87.75598836;3;12/02/2014 21:31;BATTERY
41.78727465;-87.62420249;24;12/02/2014 21:38;OTHER OFFENSE
41.78184644;-87.6486297;3;12/02/2014 21:40;BATTERY
41.88455585;-87.62639615;8;12/02/2014 21:40;CRIMINAL DAMAGE
41.75455814;-87.56011515;36;12/02/2014 21:43;WEAPONS VIOLATION
41.75455814;-87.56011515;18;12/02/2014 21:43;NARCOTICS
41.95744394;-87.73110751;3;12/02/2014 21:45;BATTERY
42.01927434;-87.67289424;18;12/02/2014 21:45;NARCOTICS
41.91110304;-87.68343765;4;12/02/2014 21:50;BURGLARY
41.8835704;-87.6719544;24;12/02/2014 21:50;OTHER OFFENSE
41.75120641;-87.64176521;18;12/02/2014 21:52;NARCOTICS
41.89553479;-87.63254117;18;12/02/2014 21:54;NARCOTICS
41.8797028;-87.72334084;17;12/02/2014 22:00;MOTOR VEHICLE THEFT
41.67504836;-87.63444767;17;12/02/2014 22:00;MOTOR VEHICLE THEFT
41.74061736;-87.7311921;4;12/02/2014 22:00;BURGLARY
42.00687917;-87.69378517;17;12/02/2014 22:00;MOTOR VEHICLE THEFT
41.80162456;-87.69387183;33;12/02/2014 22:00;THEFT
41.8435828;-87.70851958;4;12/02/2014 22:00;BURGLARY
41.90148888;-87.69794925;33;12/02/2014 22:00;THEFT
41.81207931;-87.67094062;17;12/02/2014 22:00;MOTOR VEHICLE THEFT
41.71160303;-87.61008458;33;12/02/2014 22:00;THEFT
41.910458;-87.68535458;8;12/02/2014 22:00;CRIMINAL DAMAGE
41.85990563;-87.73584502;18;12/02/2014 22:05;NARCOTICS
41.8669095;-87.72964868;33;12/02/2014 22:15;THEFT
42.0026477;-87.66207666;24;12/02/2014 22:15;OTHER OFFENSE
41.70169458;-87.56094288;36;12/02/2014 22:16;WEAPONS VIOLATION
41.95123034;-87.7846213;18;12/02/2014 22:25;NARCOTICS
41.75560156;-87.64065152;18;12/02/2014 22:25;NARCOTICS
41.67036538;-87.6406071;36;12/02/2014 22:25;WEAPONS VIOLATION
41.89456538;-87.76779242;18;12/02/2014 22:26;NARCOTICS
41.89828845;-87.7720902;8;12/02/2014 22:28;CRIMINAL DAMAGE
41.95543419;-87.66922664;33;12/02/2014 22:30;THEFT
41.99959854;-87.67912387;33;12/02/2014 22:30;THEFT
41.77828245;-87.61330642;3;12/02/2014 22:30;BATTERY
41.75833119;-87.62652605;28;12/02/2014 22:35;ROBBERY
41.85453301;-87.72343691;3;12/02/2014 22:39;BATTERY
41.85358619;-87.73227731;28;12/02/2014 22:40;ROBBERY
41.910351;-87.69466514;27;12/02/2014 22:49;PUBLIC PEACE VIOLATION
41.80923727;-87.61890943;33;12/02/2014 22:51;THEFT
41.88585683;-87.62776998;3;12/02/2014 23:00;BATTERY
41.90168514;-87.62725046;3;12/02/2014 23:00;BATTERY
41.76447966;-87.68977989;33;12/02/2014 23:00;THEFT
41.99023313;-87.78678779;17;12/02/2014 23:00;MOTOR VEHICLE THEFT
42.01927106;-87.67232386;3;12/02/2014 23:10;BATTERY
41.74591148;-87.69023286;3;12/02/2014 23:20;BATTERY
41.78684198;-87.64511146;18;12/02/2014 23:20;NARCOTICS
41.89271116;-87.62009183;25;12/02/2014 23:26;PROSTITUTION
41.7519221;-87.60049954;3;12/02/2014 23:27;BATTERY
41.97392913;-87.69222103;33;12/02/2014 23:30;THEFT
41.97402291;-87.70923948;22;12/02/2014 23:39;OFFENSE INVOLVING CHILDREN
41.87563813;-87.75562927;18;12/02/2014 23:40;NARCOTICS
41.89271116;-87.62009183;25;12/02/2014 23:45;PROSTITUTION
41.92413031;-87.7461745;9;12/02/2014 23:50;CRIMINAL TRESPASS
41.89271116;-87.62009183;25;12/02/2014 23:50;PROSTITUTION
41.77282486;-87.58888985;3;12/02/2014 23:52;BATTERY
41.96829582;-87.71279604;8;13/02/2014 00:00;CRIMINAL DAMAGE
41.70798584;-87.5303023;33;13/02/2014 00:01;THEFT
41.88294336;-87.76999912;24;13/02/2014 00:01;OTHER OFFENSE
41.87727232;-87.63939426;18;13/02/2014 00:10;NARCOTICS
41.85361473;-87.6855359;28;13/02/2014 00:15;ROBBERY
41.77979754;-87.61334446;18;13/02/2014 00:19;NARCOTICS
41.94007813;-87.6501446;18;13/02/2014 00:19;NARCOTICS
41.80338088;-87.67683987;17;13/02/2014 00:30;MOTOR VEHICLE THEFT
41.77289197;-87.65933059;33;13/02/2014 00:30;THEFT
41.89679256;-87.62775981;9;13/02/2014 00:30;CRIMINAL TRESPASS
41.93609892;-87.6731136;17;13/02/2014 00:30;MOTOR VEHICLE THEFT
41.83435191;-87.71833348;8;13/02/2014 00:30;CRIMINAL DAMAGE
41.76771151;-87.58581849;28;13/02/2014 00:30;ROBBERY
41.82790598;-87.67292392;17;13/02/2014 00:30;MOTOR VEHICLE THEFT
41.8077664;-87.65050685;36;13/02/2014 00:40;WEAPONS VIOLATION
41.93067084;-87.80634406;33;13/02/2014 00:47;THEFT
41.95384328;-87.70244402;33;13/02/2014 01:00;THEFT
41.68246483;-87.62080039;9;13/02/2014 01:10;CRIMINAL TRESPASS
41.79988706;-87.75380157;4;13/02/2014 01:22;BURGLARY
41.88064906;-87.77165704;3;13/02/2014 01:30;BATTERY
41.89679256;-87.62775981;33;13/02/2014 01:30;THEFT
41.9393079;-87.7187705;17;13/02/2014 01:30;MOTOR VEHICLE THEFT
41.95329137;-87.76712651;9;13/02/2014 01:30;CRIMINAL TRESPASS
41.89479599;-87.62439535;33;13/02/2014 01:30;THEFT
41.87475716;-87.72531555;33;13/02/2014 01:39;THEFT
41.77859939;-87.7204503;8;13/02/2014 02:00;CRIMINAL DAMAGE
41.7524157;-87.65449108;8;13/02/2014 02:30;CRIMINAL DAMAGE
41.88886584;-87.74543983;18;13/02/2014 02:32;NARCOTICS
41.88383632;-87.75749073;3;13/02/2014 02:45;BATTERY
41.71103546;-87.63095956;8;13/02/2014 02:50;CRIMINAL DAMAGE
41.89490595;-87.68966223;24;13/02/2014 03:00;OTHER OFFENSE
41.85940844;-87.67263292;8;13/02/2014 03:00;CRIMINAL DAMAGE
42.00120796;-87.70590557;17;13/02/2014 03:00;MOTOR VEHICLE THEFT
41.87950286;-87.63297708;3;13/02/2014 03:10;BATTERY
41.70262745;-87.53600107;24;13/02/2014 03:21;OTHER OFFENSE
41.78930524;-87.653684;3;13/02/2014 03:30;BATTERY
41.87425158;-87.6472698;33;13/02/2014 03:40;THEFT
41.96865276;-87.67873458;4;13/02/2014 03:50;BURGLARY
41.79549722;-87.70092987;33;13/02/2014 04:00;THEFT
41.96894393;-87.76040206;28;13/02/2014 04:00;ROBBERY
41.69766048;-87.61336057;3;13/02/2014 04:00;BATTERY
41.95809694;-87.73686623;17;13/02/2014 04:00;MOTOR VEHICLE THEFT
41.77736181;-87.64579576;28;13/02/2014 04:10;ROBBERY
41.73851088;-87.66206449;7;13/02/2014 04:10;CRIM SEXUAL ASSAULT
41.81131198;-87.69537114;33;13/02/2014 04:30;THEFT
41.81727931;-87.68481633;4;13/02/2014 04:36;BURGLARY
41.87396964;-87.67409854;8;13/02/2014 04:45;CRIMINAL DAMAGE
41.74331422;-87.65426084;3;13/02/2014 04:45;BATTERY
41.96829582;-87.71279604;8;13/02/2014 05:00;CRIMINAL DAMAGE
41.93289643;-87.64553548;28;13/02/2014 05:15;ROBBERY
41.81830579;-87.69760191;3;13/02/2014 05:15;BATTERY
41.84683534;-87.64753711;31;13/02/2014 05:30;SEX OFFENSE
41.7793231;-87.66565367;33;13/02/2014 05:30;THEFT
41.79263009;-87.7070601;8;13/02/2014 05:40;CRIMINAL DAMAGE
41.89562443;-87.71046981;3;13/02/2014 05:55;BATTERY
41.79108345;-87.79910615;8;13/02/2014 06:00;CRIMINAL DAMAGE
41.71163867;-87.64309779;33;13/02/2014 06:00;THEFT
42.01213175;-87.68647623;4;13/02/2014 06:00;BURGLARY
41.89482913;-87.77458136;8;13/02/2014 06:00;CRIMINAL DAMAGE
41.88794892;-87.76889011;28;13/02/2014 06:00;ROBBERY
41.80045636;-87.74112874;4;13/02/2014 06:10;BURGLARY
41.76945437;-87.72180571;4;13/02/2014 06:15;BURGLARY
41.83973344;-87.64254131;33;13/02/2014 06:30;THEFT
41.774953;-87.68948457;4;13/02/2014 06:30;BURGLARY
41.91109551;-87.70325825;4;13/02/2014 06:45;BURGLARY
41.86674075;-87.77156953;33;13/02/2014 06:45;THEFT
41.89604181;-87.7358242;33;13/02/2014 07:00;THEFT
41.89574182;-87.77434568;4;13/02/2014 07:00;BURGLARY
41.85256621;-87.73402302;33;13/02/2014 07:00;THEFT
41.90336736;-87.67291093;33;13/02/2014 07:00;THEFT
41.89922056;-87.7558502;29;13/02/2014 07:00;SCHOOL
41.82296765;-87.60245992;2;13/02/2014 07:05;ASSAULT
41.97575916;-87.90259394;24;13/02/2014 07:20;OTHER OFFENSE
41.86687873;-87.65714742;33;13/02/2014 07:30;THEFT
41.78948421;-87.72320683;8;13/02/2014 07:30;CRIMINAL DAMAGE
41.95124894;-87.66727392;4;13/02/2014 07:30;BURGLARY
41.93072582;-87.73945859;4;13/02/2014 07:30;BURGLARY
41.87887033;-87.73462921;3;13/02/2014 07:35;BATTERY
41.82535512;-87.62657083;33;13/02/2014 07:40;THEFT
41.7055659;-87.60104451;24;13/02/2014 07:40;OTHER OFFENSE
41.88645865;-87.71148064;3;13/02/2014 07:59;BATTERY
41.84968971;-87.69917416;24;13/02/2014 08:00;OTHER OFFENSE
41.90343448;-87.66884742;3;13/02/2014 08:00;BATTERY
41.85785834;-87.66937084;3;13/02/2014 08:00;BATTERY
41.87995309;-87.74074415;25;13/02/2014 08:00;PROSTITUTION
41.79213456;-87.62416726;3;13/02/2014 08:00;BATTERY
41.69269514;-87.62292462;4;13/02/2014 08:00;BURGLARY
41.86633905;-87.63936199;3;13/02/2014 08:05;BATTERY
41.87923945;-87.74071769;25;13/02/2014 08:15;PROSTITUTION
41.87071528;-87.71868998;29;13/02/2014 08:30;SCHOOL
41.89665572;-87.7210859;4;13/02/2014 08:30;BURGLARY
41.88050306;-87.75332709;33;13/02/2014 08:30;THEFT
41.69213742;-87.66585308;29;13/02/2014 08:30;SCHOOL
41.86640802;-87.69526423;29;13/02/2014 08:30;SCHOOL
41.91910698;-87.70797077;4;13/02/2014 08:30;BURGLARY
41.78851252;-87.61891958;4;13/02/2014 08:30;BURGLARY
42.01690573;-87.67521504;3;13/02/2014 08:40;BATTERY
41.90946796;-87.66629404;4;13/02/2014 08:45;BURGLARY
41.87000414;-87.69943602;33;13/02/2014 09:00;THEFT
41.85077835;-87.63832631;17;13/02/2014 09:00;MOTOR VEHICLE THEFT
41.88066594;-87.6270743;33;13/02/2014 09:00;THEFT
41.73108717;-87.61745334;33;13/02/2014 09:00;THEFT
41.77591289;-87.5928209;8;13/02/2014 09:00;CRIMINAL DAMAGE
41.74326187;-87.66310696;10;13/02/2014 09:00;DECEPTIVE PRACTICE
41.75548204;-87.55146207;4;13/02/2014 09:00;BURGLARY
41.95746677;-87.65406559;33;13/02/2014 09:00;THEFT
41.75379628;-87.60176459;29;13/02/2014 09:00;SCHOOL
41.79114783;-87.73743373;33;13/02/2014 09:00;THEFT
41.78046091;-87.71804941;29;13/02/2014 09:00;SCHOOL
41.91072761;-87.65320203;3;13/02/2014 09:00;BATTERY
41.89479599;-87.62439535;3;13/02/2014 09:10;BATTERY
41.76553934;-87.61177743;3;13/02/2014 09:15;BATTERY
41.90060623;-87.74607783;25;13/02/2014 09:20;PROSTITUTION
41.97454358;-87.81135172;33;13/02/2014 09:25;THEFT
41.87084316;-87.72414837;8;13/02/2014 09:27;CRIMINAL DAMAGE
41.90331977;-87.63157443;27;13/02/2014 09:29;PUBLIC PEACE VIOLATION
41.87505638;-87.73368444;33;13/02/2014 09:30;THEFT
41.85776888;-87.67624353;10;13/02/2014 09:30;DECEPTIVE PRACTICE
41.95432812;-87.74948186;9;13/02/2014 09:30;CRIMINAL TRESPASS
41.89695051;-87.74600113;25;13/02/2014 09:30;PROSTITUTION
41.7948499;-87.67175249;8;13/02/2014 09:30;CRIMINAL DAMAGE
41.89603894;-87.67603135;10;13/02/2014 09:30;DECEPTIVE PRACTICE
41.980592;-87.77240887;24;13/02/2014 09:31;OTHER OFFENSE
41.87868207;-87.74707543;18;13/02/2014 09:33;NARCOTICS
41.86699347;-87.72320835;18;13/02/2014 09:42;NARCOTICS
41.78046793;-87.62183934;33;13/02/2014 09:45;THEFT
41.7765182;-87.64606873;3;13/02/2014 09:50;BATTERY
41.97340949;-87.65993458;18;13/02/2014 09:50;NARCOTICS
41.90269237;-87.75102881;18;13/02/2014 09:55;NARCOTICS
41.80547528;-87.72581701;29;13/02/2014 10:00;SCHOOL
41.67124483;-87.62952193;3;13/02/2014 10:00;BATTERY
41.90288846;-87.66366625;29;13/02/2014 10:00;SCHOOL
41.84823029;-87.73455163;33;13/02/2014 10:00;THEFT
41.85281486;-87.70909043;2;13/02/2014 10:00;ASSAULT
41.81220483;-87.73008925;33;13/02/2014 10:00;THEFT
41.9452555;-87.81640972;8;13/02/2014 10:00;CRIMINAL DAMAGE
41.96549026;-87.65909138;10;13/02/2014 10:00;DECEPTIVE PRACTICE
41.67771971;-87.65664569;33;13/02/2014 10:00;THEFT
41.78718771;-87.62212438;8;13/02/2014 10:00;CRIMINAL DAMAGE
41.92703509;-87.73527785;24;13/02/2014 10:00;OTHER OFFENSE
41.90742356;-87.74620271;33;13/02/2014 10:00;THEFT
41.88051267;-87.73434949;8;13/02/2014 10:00;CRIMINAL DAMAGE
41.74815028;-87.63287481;8;13/02/2014 10:00;CRIMINAL DAMAGE
41.88332274;-87.62981761;33;13/02/2014 10:00;THEFT
41.75379628;-87.60176459;29;13/02/2014 10:00;SCHOOL
41.76736209;-87.66400353;18;13/02/2014 10:05;NARCOTICS
41.93363651;-87.63946352;33;13/02/2014 10:15;THEFT
41.88065576;-87.76798853;33;13/02/2014 10:15;THEFT
41.79317992;-87.63397995;18;13/02/2014 10:19;NARCOTICS
41.89193843;-87.71291496;24;13/02/2014 10:20;OTHER OFFENSE
41.87251487;-87.71754554;18;13/02/2014 10:25;NARCOTICS
41.74583274;-87.63535884;29;13/02/2014 10:25;SCHOOL
41.81224252;-87.60974587;3;13/02/2014 10:25;BATTERY
41.74941453;-87.66356335;3;13/02/2014 10:28;BATTERY
41.88580115;-87.62808642;33;13/02/2014 10:30;THEFT
41.87701977;-87.62856485;31;13/02/2014 10:30;SEX OFFENSE
41.88085767;-87.77166623;33;13/02/2014 10:30;THEFT
41.91839038;-87.64597786;29;13/02/2014 10:30;SCHOOL
41.75379628;-87.60176459;29;13/02/2014 10:30;SCHOOL
41.76616474;-87.61391845;18;13/02/2014 10:35;NARCOTICS
41.73592189;-87.646553;18;13/02/2014 10:40;NARCOTICS
41.70265864;-87.56310655;3;13/02/2014 10:40;BATTERY
41.88426753;-87.75103089;3;13/02/2014 10:43;BATTERY
41.89416915;-87.6291146;3;13/02/2014 10:45;BATTERY
41.77136612;-87.64957332;18;13/02/2014 10:50;NARCOTICS
41.77136612;-87.64957332;18;13/02/2014 10:50;NARCOTICS
41.79241551;-87.61901925;33;13/02/2014 10:50;THEFT
41.97491556;-87.70636229;24;13/02/2014 11:00;OTHER OFFENSE
41.96829582;-87.71279604;8;13/02/2014 11:00;CRIMINAL DAMAGE
41.87274181;-87.71687879;17;13/02/2014 11:00;MOTOR VEHICLE THEFT
41.70416423;-87.61991268;24;13/02/2014 11:00;OTHER OFFENSE
41.86032746;-87.73096606;33;13/02/2014 11:00;THEFT
41.89433719;-87.71398627;27;13/02/2014 11:00;PUBLIC PEACE VIOLATION
41.87601891;-87.729361;33;13/02/2014 11:00;THEFT
41.91989453;-87.66179826;33;13/02/2014 11:00;THEFT
41.89979427;-87.71631012;2;13/02/2014 11:10;ASSAULT
41.93348689;-87.64560999;33;13/02/2014 11:15;THEFT
41.95941303;-87.75324812;18;13/02/2014 11:16;NARCOTICS
41.86502949;-87.70455146;3;13/02/2014 11:20;BATTERY
41.96234456;-87.66788271;4;13/02/2014 11:20;BURGLARY
41.78037973;-87.61384758;18;13/02/2014 11:20;NARCOTICS
41.87601507;-87.64114832;24;13/02/2014 11:20;OTHER OFFENSE
41.87813402;-87.72196775;18;13/02/2014 11:25;NARCOTICS
42.02194407;-87.66666173;3;13/02/2014 11:30;BATTERY
41.72679257;-87.61441649;33;13/02/2014 11:30;THEFT
41.87568702;-87.6988548;36;13/02/2014 11:30;WEAPONS VIOLATION
41.96008537;-87.67729645;8;13/02/2014 11:30;CRIMINAL DAMAGE
41.89206983;-87.62822314;2;13/02/2014 11:30;ASSAULT
41.89679256;-87.62775981;9;13/02/2014 11:44;CRIMINAL TRESPASS
41.77659255;-87.60599297;18;13/02/2014 11:45;NARCOTICS
41.91343382;-87.78227048;24;13/02/2014 11:55;OTHER OFFENSE
41.88348008;-87.62773003;33;13/02/2014 11:56;THEFT
41.98076779;-87.65638882;33;13/02/2014 12:00;THEFT
41.8797479;-87.7360972;18;13/02/2014 12:00;NARCOTICS
41.89950203;-87.72635548;2;13/02/2014 12:00;ASSAULT
41.85809836;-87.72354252;4;13/02/2014 12:00;BURGLARY
41.73795068;-87.58430242;4;13/02/2014 12:00;BURGLARY
41.93969917;-87.6769137;4;13/02/2014 12:00;BURGLARY
41.8866164;-87.653142;33;13/02/2014 12:00;THEFT
41.80642691;-87.73563428;4;13/02/2014 12:00;BURGLARY
41.89169487;-87.63422119;3;13/02/2014 12:00;BATTERY
41.88964993;-87.74851399;33;13/02/2014 12:07;THEFT
41.7772382;-87.68495226;33;13/02/2014 12:10;THEFT
41.81101386;-87.74921514;18;13/02/2014 12:10;NARCOTICS
41.70795485;-87.5679874;18;13/02/2014 12:15;NARCOTICS
41.88051267;-87.73434949;2;13/02/2014 12:15;ASSAULT
41.87874856;-87.7265923;18;13/02/2014 12:15;NARCOTICS
41.94563023;-87.77965178;2;13/02/2014 12:20;ASSAULT
41.92685347;-87.66832884;9;13/02/2014 12:20;CRIMINAL TRESPASS
41.87541199;-87.72563614;18;13/02/2014 12:27;NARCOTICS
41.88286272;-87.65740123;33;13/02/2014 12:30;THEFT
41.99393899;-87.78301491;2;13/02/2014 12:30;ASSAULT
41.77872657;-87.71143364;28;13/02/2014 12:30;ROBBERY
41.83204992;-87.62682009;29;13/02/2014 12:35;SCHOOL
41.88911814;-87.71611906;36;13/02/2014 12:37;WEAPONS VIOLATION
41.82744815;-87.64495924;8;13/02/2014 12:40;CRIMINAL DAMAGE
41.89928756;-87.62427588;33;13/02/2014 12:45;THEFT
41.89762684;-87.74678098;29;13/02/2014 12:45;SCHOOL
41.84642188;-87.71743615;24;13/02/2014 12:50;OTHER OFFENSE
41.98325878;-87.69358393;24;13/02/2014 12:55;OTHER OFFENSE
41.83709277;-87.71872191;29;13/02/2014 12:55;SCHOOL
41.69171257;-87.67211473;18;13/02/2014 12:58;NARCOTICS
41.70853011;-87.6234022;8;13/02/2014 13:00;CRIMINAL DAMAGE
41.97511161;-87.67952164;29;13/02/2014 13:00;SCHOOL
41.7559434;-87.55514712;4;13/02/2014 13:00;BURGLARY
41.98008663;-87.65955161;8;13/02/2014 13:00;CRIMINAL DAMAGE
41.87927124;-87.63414732;33;13/02/2014 13:00;THEFT
41.7221443;-87.60579047;24;13/02/2014 13:00;OTHER OFFENSE
41.89604181;-87.7358242;24;13/02/2014 13:00;OTHER OFFENSE
41.79321022;-87.73506767;24;13/02/2014 13:00;OTHER OFFENSE
42.02034979;-87.66809524;8;13/02/2014 13:00;CRIMINAL DAMAGE
41.87927124;-87.63414732;10;13/02/2014 13:00;DECEPTIVE PRACTICE
41.79227717;-87.73401656;33;13/02/2014 13:00;THEFT
41.82955296;-87.62509;24;13/02/2014 13:00;OTHER OFFENSE
41.85099996;-87.61283283;33;13/02/2014 13:00;THEFT
41.68351094;-87.54521726;33;13/02/2014 13:08;THEFT
41.67786722;-87.62688738;18;13/02/2014 13:11;NARCOTICS
41.66403287;-87.6413008;33;13/02/2014 13:15;THEFT
41.80457909;-87.62448485;29;13/02/2014 13:15;SCHOOL
41.88544287;-87.76655081;29;13/02/2014 13:20;SCHOOL
41.86028321;-87.71387815;8;13/02/2014 13:20;CRIMINAL DAMAGE
41.87857847;-87.75533106;18;13/02/2014 13:20;NARCOTICS
41.99446531;-87.73359855;4;13/02/2014 13:30;BURGLARY
41.77272512;-87.63732926;29;13/02/2014 13:30;SCHOOL
41.86560077;-87.71525494;18;13/02/2014 13:30;NARCOTICS
41.99475003;-87.68842172;33;13/02/2014 13:30;THEFT
41.89483471;-87.75519552;18;13/02/2014 13:31;NARCOTICS
41.8948628;-87.62410445;10;13/02/2014 13:35;DECEPTIVE PRACTICE
41.65315282;-87.60465363;2;13/02/2014 13:40;ASSAULT
41.96742528;-87.6563536;18;13/02/2014 13:50;NARCOTICS
41.72171292;-87.61398959;17;13/02/2014 13:55;MOTOR VEHICLE THEFT
41.75018257;-87.6560098;3;13/02/2014 13:57;BATTERY
41.99055549;-87.69900278;3;13/02/2014 14:00;BATTERY
41.89586913;-87.68916405;4;13/02/2014 14:00;BURGLARY
41.89558188;-87.71529285;33;13/02/2014 14:00;THEFT
41.79603654;-87.62588454;29;13/02/2014 14:00;SCHOOL
41.89639512;-87.71648976;18;13/02/2014 14:00;NARCOTICS
41.93984299;-87.75413123;29;13/02/2014 14:00;SCHOOL
41.77692475;-87.69563139;8;13/02/2014 14:00;CRIMINAL DAMAGE
41.7434426;-87.66069032;2;13/02/2014 14:00;ASSAULT
41.82420478;-87.71040672;3;13/02/2014 14:00;BATTERY
41.73683728;-87.64865;33;13/02/2014 14:00;THEFT
41.68789786;-87.62600882;33;13/02/2014 14:13;THEFT
41.69119445;-87.71766329;29;13/02/2014 14:15;SCHOOL
41.90423364;-87.68966774;4;13/02/2014 14:15;BURGLARY
41.87402826;-87.75692153;24;13/02/2014 14:17;OTHER OFFENSE
41.68991165;-87.63760757;29;13/02/2014 14:20;SCHOOL
41.92958898;-87.63994837;17;13/02/2014 14:30;MOTOR VEHICLE THEFT
41.73388866;-87.65678187;33;13/02/2014 14:30;THEFT
41.70763916;-87.60124804;3;13/02/2014 14:35;BATTERY
41.93858816;-87.77390916;29;13/02/2014 14:35;SCHOOL
41.70720505;-87.62882589;18;13/02/2014 14:35;NARCOTICS
41.94646373;-87.73571752;29;13/02/2014 14:40;SCHOOL
41.90353783;-87.68841841;3;13/02/2014 14:40;BATTERY
41.68513042;-87.7016567;2;13/02/2014 14:40;ASSAULT
41.78941808;-87.61846949;18;13/02/2014 14:43;NARCOTICS
41.8728076;-87.76473482;8;13/02/2014 14:43;CRIMINAL DAMAGE
41.88047029;-87.75608148;32;13/02/2014 14:45;STALKING
41.89159167;-87.62588519;33;13/02/2014 14:50;THEFT
41.82221453;-87.63265518;18;13/02/2014 14:55;NARCOTICS
41.97162918;-87.6591149;2;13/02/2014 15:00;ASSAULT
41.76717344;-87.6247648;8;13/02/2014 15:00;CRIMINAL DAMAGE
41.8774696;-87.62942282;33;13/02/2014 15:00;THEFT
41.70763916;-87.60124804;2;13/02/2014 15:00;ASSAULT
41.89645592;-87.72843387;33;13/02/2014 15:00;THEFT
41.76843726;-87.65920859;33;13/02/2014 15:00;THEFT
41.87662932;-87.62442725;33;13/02/2014 15:00;THEFT
41.7559434;-87.55514712;8;13/02/2014 15:00;CRIMINAL DAMAGE
41.88585553;-87.62934546;33;13/02/2014 15:00;THEFT
41.74927526;-87.60503712;33;13/02/2014 15:00;THEFT
41.76847517;-87.61915293;24;13/02/2014 15:00;OTHER OFFENSE
41.84652516;-87.68339064;8;13/02/2014 15:00;CRIMINAL DAMAGE
41.9251547;-87.6603063;33;13/02/2014 15:03;THEFT
41.88391558;-87.62804105;10;13/02/2014 15:04;DECEPTIVE PRACTICE
41.79042923;-87.78032199;29;13/02/2014 15:05;SCHOOL
42.00540067;-87.67592231;18;13/02/2014 15:05;NARCOTICS
41.70263473;-87.63000367;36;13/02/2014 15:10;WEAPONS VIOLATION
41.91123729;-87.6785684;33;13/02/2014 15:10;THEFT
41.7791292;-87.68498454;13;13/02/2014 15:10;INTERFERENCE WITH PUBLIC OFFICER
41.77848152;-87.77259344;3;13/02/2014 15:11;BATTERY
41.97412346;-87.76617344;24;13/02/2014 15:12;OTHER OFFENSE
41.84594771;-87.71346594;10;13/02/2014 15:12;DECEPTIVE PRACTICE
41.77074544;-87.63534911;29;13/02/2014 15:15;SCHOOL
41.92533129;-87.73429424;24;13/02/2014 15:15;OTHER OFFENSE
41.96710542;-87.65842351;18;13/02/2014 15:15;NARCOTICS
41.79225315;-87.68414456;3;13/02/2014 15:15;BATTERY
41.68950911;-87.63278274;3;13/02/2014 15:15;BATTERY
41.89795366;-87.62424288;33;13/02/2014 15:20;THEFT
41.76927882;-87.62841473;3;13/02/2014 15:20;BATTERY
41.72604788;-87.55043433;10;13/02/2014 15:22;DECEPTIVE PRACTICE
41.76927882;-87.62841473;3;13/02/2014 15:25;BATTERY
41.91288669;-87.64848011;2;13/02/2014 15:28;ASSAULT
41.99072693;-87.68305134;33;13/02/2014 15:29;THEFT
41.90573793;-87.72654254;3;13/02/2014 15:30;BATTERY
41.94579078;-87.73507318;9;13/02/2014 15:30;CRIMINAL TRESPASS
41.93920302;-87.72743462;3;13/02/2014 15:30;BATTERY
41.84696721;-87.69025678;8;13/02/2014 15:30;CRIMINAL DAMAGE
41.94963668;-87.74917176;3;13/02/2014 15:30;BATTERY
41.93204502;-87.71488217;33;13/02/2014 15:30;THEFT
41.80159922;-87.5949275;10;13/02/2014 15:30;DECEPTIVE PRACTICE
41.92443706;-87.66854502;33;13/02/2014 15:30;THEFT
41.68577567;-87.65083545;4;13/02/2014 15:30;BURGLARY
41.96528712;-87.65767789;24;13/02/2014 15:32;OTHER OFFENSE
41.87828124;-87.76119056;3;13/02/2014 15:40;BATTERY
41.86834574;-87.70476862;8;13/02/2014 15:43;CRIMINAL DAMAGE
41.95947553;-87.70716076;3;13/02/2014 15:45;BATTERY
41.89338807;-87.71151994;18;13/02/2014 15:45;NARCOTICS
41.91836351;-87.64837011;33;13/02/2014 15:57;THEFT
41.89371714;-87.68663303;33;13/02/2014 16:00;THEFT
41.88029672;-87.62951297;33;13/02/2014 16:00;THEFT
41.86026147;-87.62825333;33;13/02/2014 16:00;THEFT
41.72114823;-87.61760762;33;13/02/2014 16:00;THEFT
41.75059113;-87.63441677;9;13/02/2014 16:00;CRIMINAL TRESPASS
41.84461499;-87.61868848;29;13/02/2014 16:00;SCHOOL
41.7809764;-87.61578778;33;13/02/2014 16:00;THEFT
41.89208871;-87.71026176;18;13/02/2014 16:00;NARCOTICS
41.80249665;-87.59493553;7;13/02/2014 16:00;CRIM SEXUAL ASSAULT
41.96517948;-87.65015594;10;13/02/2014 16:00;DECEPTIVE PRACTICE
41.90426904;-87.73266912;4;13/02/2014 16:00;BURGLARY
42.01990853;-87.67294288;18;13/02/2014 16:03;NARCOTICS
41.9112584;-87.63601001;3;13/02/2014 16:04;BATTERY
41.7758912;-87.614466;2;13/02/2014 16:07;ASSAULT
41.81550517;-87.68994798;36;13/02/2014 16:10;WEAPONS VIOLATION
41.77532853;-87.69530992;24;13/02/2014 16:11;OTHER OFFENSE
41.85078029;-87.70537006;18;13/02/2014 16:12;NARCOTICS
41.9101926;-87.70927749;33;13/02/2014 16:15;THEFT
41.92977801;-87.7537519;24;13/02/2014 16:25;OTHER OFFENSE
41.87506541;-87.74659076;3;13/02/2014 16:28;BATTERY
41.75141508;-87.603624;18;13/02/2014 16:28;NARCOTICS
41.89419829;-87.62715663;33;13/02/2014 16:30;THEFT
41.80553358;-87.61820234;28;13/02/2014 16:30;ROBBERY
41.9535198;-87.74756652;3;13/02/2014 16:35;BATTERY
41.76111858;-87.61533098;18;13/02/2014 16:35;NARCOTICS
41.74951986;-87.66327275;33;13/02/2014 16:35;THEFT
41.77698561;-87.61569295;3;13/02/2014 16:38;BATTERY
41.88579875;-87.63082974;9;13/02/2014 16:40;CRIMINAL TRESPASS
41.91255136;-87.6684663;4;13/02/2014 16:45;BURGLARY
41.88584345;-87.63230556;33;13/02/2014 16:45;THEFT
41.92433604;-87.74615792;28;13/02/2014 16:46;ROBBERY
41.9725383;-87.70722405;33;13/02/2014 17:00;THEFT
41.85245485;-87.67844517;8;13/02/2014 17:00;CRIMINAL DAMAGE
41.84862759;-87.70867236;29;13/02/2014 17:00;SCHOOL
41.91817963;-87.64104558;33;13/02/2014 17:00;THEFT
41.98974537;-87.77722078;33;13/02/2014 17:00;THEFT
41.65574925;-87.59566271;33;13/02/2014 17:00;THEFT
41.93025516;-87.63893054;8;13/02/2014 17:00;CRIMINAL DAMAGE
41.88086557;-87.7058761;28;13/02/2014 17:00;ROBBERY
41.7934113;-87.66078054;33;13/02/2014 17:00;THEFT
41.7925288;-87.71419358;4;13/02/2014 17:00;BURGLARY
41.9107252;-87.72621242;33;13/02/2014 17:10;THEFT
41.77420613;-87.61533167;24;13/02/2014 17:15;OTHER OFFENSE
41.90937656;-87.77462351;3;13/02/2014 17:20;BATTERY
41.67052555;-87.63217239;3;13/02/2014 17:30;BATTERY
41.86759045;-87.6227612;10;13/02/2014 17:30;DECEPTIVE PRACTICE
41.7805253;-87.64248053;3;13/02/2014 17:30;BATTERY
41.78065016;-87.70585311;9;13/02/2014 17:30;CRIMINAL TRESPASS
41.8242685;-87.70597773;17;13/02/2014 17:30;MOTOR VEHICLE THEFT
41.71288937;-87.59230679;33;13/02/2014 17:30;THEFT
41.9435986;-87.76653226;24;13/02/2014 17:30;OTHER OFFENSE
41.74906425;-87.66326282;33;13/02/2014 17:30;THEFT
41.88235746;-87.62769464;33;13/02/2014 17:35;THEFT
41.78094274;-87.66197411;3;13/02/2014 17:40;BATTERY
41.78943254;-87.61770662;33;13/02/2014 17:40;THEFT
41.69348994;-87.64255957;18;13/02/2014 17:42;NARCOTICS
41.87748745;-87.63504436;33;13/02/2014 17:45;THEFT
41.88516019;-87.64731102;28;13/02/2014 17:45;ROBBERY
41.79130113;-87.62252629;18;13/02/2014 17:48;NARCOTICS
41.73616815;-87.62965258;33;13/02/2014 17:50;THEFT
41.90537516;-87.71512493;24;13/02/2014 17:53;OTHER OFFENSE
41.93337917;-87.75172736;28;13/02/2014 17:55;ROBBERY
41.84066185;-87.65187105;17;13/02/2014 18:00;MOTOR VEHICLE THEFT
41.8104796;-87.67097544;4;13/02/2014 18:00;BURGLARY
41.76306653;-87.59319588;22;13/02/2014 18:00;OFFENSE INVOLVING CHILDREN
41.7904255;-87.72011398;4;13/02/2014 18:00;BURGLARY
42.01783451;-87.68313956;8;13/02/2014 18:00;CRIMINAL DAMAGE
41.97868992;-87.69559726;8;13/02/2014 18:00;CRIMINAL DAMAGE
41.94922664;-87.76701544;2;13/02/2014 18:00;ASSAULT
41.93118805;-87.78036103;33;13/02/2014 18:00;THEFT
41.75088006;-87.62468749;17;13/02/2014 18:00;MOTOR VEHICLE THEFT
41.7805253;-87.64248053;3;13/02/2014 18:00;BATTERY
41.93072862;-87.70142602;33;13/02/2014 18:00;THEFT
41.95376756;-87.64806101;3;13/02/2014 18:03;BATTERY
41.88063094;-87.7255206;28;13/02/2014 18:05;ROBBERY
41.88505737;-87.62807256;33;13/02/2014 18:21;THEFT
41.96528519;-87.65781763;36;13/02/2014 18:27;WEAPONS VIOLATION
41.8977653;-87.62395846;10;13/02/2014 18:30;DECEPTIVE PRACTICE
41.85244195;-87.72241802;33;13/02/2014 18:30;THEFT
41.71309022;-87.56112511;17;13/02/2014 18:30;MOTOR VEHICLE THEFT
41.75034776;-87.65146019;28;13/02/2014 18:30;ROBBERY
41.73960396;-87.56741751;10;13/02/2014 18:30;DECEPTIVE PRACTICE
41.89676049;-87.62834785;10;13/02/2014 18:30;DECEPTIVE PRACTICE
41.88161814;-87.65020219;33;13/02/2014 18:30;THEFT
41.70513234;-87.70237649;22;13/02/2014 18:30;OFFENSE INVOLVING CHILDREN
41.75181842;-87.56817752;9;13/02/2014 18:30;CRIMINAL TRESPASS
41.8948153;-87.71156119;18;13/02/2014 18:30;NARCOTICS
41.91618627;-87.6701591;33;13/02/2014 18:30;THEFT
41.69148168;-87.6412886;3;13/02/2014 18:32;BATTERY
41.89531478;-87.72024291;18;13/02/2014 18:35;NARCOTICS
41.90747164;-87.76447876;2;13/02/2014 18:35;ASSAULT
41.88254868;-87.62799733;33;13/02/2014 18:35;THEFT
41.8091889;-87.63379118;36;13/02/2014 18:38;WEAPONS VIOLATION
41.79469266;-87.6300396;18;13/02/2014 18:42;NARCOTICS
41.90976604;-87.74331201;33;13/02/2014 18:45;THEFT
41.89105603;-87.66946053;3;13/02/2014 18:45;BATTERY
41.76341042;-87.66970036;18;13/02/2014 18:45;NARCOTICS
41.82964147;-87.61459878;9;13/02/2014 18:45;CRIMINAL TRESPASS
41.89676049;-87.62834785;10;13/02/2014 18:45;DECEPTIVE PRACTICE
41.76348223;-87.64505692;24;13/02/2014 18:52;OTHER OFFENSE
41.89523998;-87.7201114;18;13/02/2014 18:55;NARCOTICS
41.8068133;-87.72094072;17;13/02/2014 19:00;MOTOR VEHICLE THEFT
41.71817119;-87.5699357;3;13/02/2014 19:00;BATTERY
41.89416419;-87.66738254;3;13/02/2014 19:00;BATTERY
41.67796634;-87.61938945;4;13/02/2014 19:00;BURGLARY
41.88030597;-87.75179761;10;13/02/2014 19:00;DECEPTIVE PRACTICE
41.73639067;-87.64280718;33;13/02/2014 19:00;THEFT
41.78445939;-87.70839728;17;13/02/2014 19:00;MOTOR VEHICLE THEFT
41.67302509;-87.62625952;33;13/02/2014 19:00;THEFT
41.83469689;-87.64790156;33;13/02/2014 19:00;THEFT
41.88630889;-87.76354276;33;13/02/2014 19:01;THEFT
41.90945739;-87.75058159;33;13/02/2014 19:10;THEFT
41.768894;-87.63415215;18;13/02/2014 19:12;NARCOTICS
41.89743899;-87.62622469;29;13/02/2014 19:15;SCHOOL
41.85230434;-87.6732456;33;13/02/2014 19:15;THEFT
41.76069047;-87.5873331;13;13/02/2014 19:15;INTERFERENCE WITH PUBLIC OFFICER
41.83122917;-87.62589344;18;13/02/2014 19:18;NARCOTICS
41.78115414;-87.60825494;2;13/02/2014 19:20;ASSAULT
42.0026352;-87.66275375;33;13/02/2014 19:20;THEFT
41.8616997;-87.7273372;18;13/02/2014 19:25;NARCOTICS
42.02194772;-87.67203484;3;13/02/2014 19:30;BATTERY
41.88316756;-87.75112534;3;13/02/2014 19:30;BATTERY
41.94135111;-87.72731504;17;13/02/2014 19:30;MOTOR VEHICLE THEFT
41.72889652;-87.56836899;3;13/02/2014 19:30;BATTERY
41.75582188;-87.65736886;4;13/02/2014 19:30;BURGLARY
41.71909586;-87.61634838;3;13/02/2014 19:30;BATTERY
42.00720715;-87.66986215;18;13/02/2014 19:35;NARCOTICS
41.81019762;-87.69930339;3;13/02/2014 19:40;BATTERY
41.88536485;-87.72605597;10;13/02/2014 19:46;DECEPTIVE PRACTICE
41.87897148;-87.72619361;18;13/02/2014 19:49;NARCOTICS
41.75034058;-87.67325781;28;13/02/2014 19:49;ROBBERY
41.85109427;-87.62046993;2;13/02/2014 19:50;ASSAULT
41.89531478;-87.72024291;9;13/02/2014 19:57;CRIMINAL TRESPASS
41.93063825;-87.77336858;17;13/02/2014 20:00;MOTOR VEHICLE THEFT
41.8866967;-87.76983761;28;13/02/2014 20:00;ROBBERY
41.87401994;-87.71064657;18;13/02/2014 20:00;NARCOTICS
41.90408556;-87.6315991;33;13/02/2014 20:00;THEFT
41.89445944;-87.76523333;33;13/02/2014 20:00;THEFT
41.80064104;-87.70361529;17;13/02/2014 20:00;MOTOR VEHICLE THEFT
41.6897406;-87.63519665;33;13/02/2014 20:00;THEFT
41.93083187;-87.64172831;33;13/02/2014 20:00;THEFT
41.88073848;-87.62281751;33;13/02/2014 20:00;THEFT
41.93284739;-87.73423127;4;13/02/2014 20:00;BURGLARY
41.92279547;-87.70700877;9;13/02/2014 20:00;CRIMINAL TRESPASS
41.88927086;-87.63453409;16;13/02/2014 20:00;LIQUOR LAW VIOLATION
41.79319549;-87.65348888;33;13/02/2014 20:00;THEFT
41.96302428;-87.65461324;9;13/02/2014 20:03;CRIMINAL TRESPASS
41.76083677;-87.64049992;18;13/02/2014 20:03;NARCOTICS
41.75363575;-87.66176399;3;13/02/2014 20:05;BATTERY
41.94327907;-87.68830478;33;13/02/2014 20:08;THEFT
41.87446371;-87.64374264;18;13/02/2014 20:15;NARCOTICS
41.6786202;-87.62616167;18;13/02/2014 20:20;NARCOTICS
41.86614299;-87.71913395;9;13/02/2014 20:20;CRIMINAL TRESPASS
41.75560156;-87.64065152;2;13/02/2014 20:20;ASSAULT
41.70174205;-87.63437475;3;13/02/2014 20:20;BATTERY
41.65716629;-87.60528172;18;13/02/2014 20:25;NARCOTICS
41.97889653;-87.90646389;33;13/02/2014 20:30;THEFT
41.92185468;-87.65307285;33;13/02/2014 20:30;THEFT
41.9983218;-87.70103733;8;13/02/2014 20:30;CRIMINAL DAMAGE
41.87433316;-87.73603378;18;13/02/2014 20:30;NARCOTICS
41.78111163;-87.66410988;33;13/02/2014 20:30;THEFT
41.84943311;-87.65848;33;13/02/2014 20:30;THEFT
41.89558966;-87.71419088;18;13/02/2014 20:33;NARCOTICS
41.69607807;-87.62813813;36;13/02/2014 20:39;WEAPONS VIOLATION
41.75363575;-87.66176399;3;13/02/2014 20:40;BATTERY
41.83080244;-87.61462248;3;13/02/2014 20:40;BATTERY
41.81644354;-87.63134242;3;13/02/2014 20:40;BATTERY